Id,y,x1,x2,x3,x4,x5
0,116.38,1.2839,1.1545,1.333,-0.34801,2.6581
1,-11.147,0.7123,0.86372,0.74601,0.24265,2.2868
2,-86.244,1.2062,1.2395,1.5363,0.58558,4.2454
3,61.683,0.98989,0.78826,0.62135,0.16268,1.4545
4,-27.909,1.0388,1.1989,1.4373,-0.364,4.9946
5,4.6152,1.1643,1.3387,1.792,-1.0433,4.4817
6,341.19,1.5691,1.1358,1.2901,0.3239,2.548
7,10.229,0.96038,0.98835,0.97684,0.20279,1.7899
8,50.805,0.96189,1.1034,1.2174,0.54437,3.47
9,-37.572,0.80433,1.0696,1.1441,-0.1023,2.2237
10,46.331,1.2898,0.55493,0.30795,0.38525,2.2724
11,6.8276,0.92854,0.6997,0.48958,-0.39257,2.1518
12,-50.674,0.75491,1.1573,1.3392,0.38249,2.1159
13,-19.815,1.3805,1.2046,1.4512,-0.31033,1.8084
14,146.37,0.9115,0.99461,0.98925,0.095932,1.8334
15,-5.9259,1.0614,0.94178,0.88694,-0.93406,3.4033
16,-98.06,1.0928,1.1437,1.3079,0.51706,1.7192
17,-19.325,0.74003,1.0148,1.0299,-0.22412,2.2439
18,-8.7496,0.72086,0.95592,0.91378,-0.23518,1.9046
19,7.0383,0.43378,1.0253,1.0511,-0.18181,2.9037
20,71.814,1.2639,0.73491,0.5401,0.51646,2.3637
21,74.794,0.89344,0.73091,0.53424,-0.10448,2.3772
22,63.991,1.0752,0.93149,0.86768,-0.7339,3.1203
23,33.76,0.5732,0.84158,0.70825,0.33773,1.9535
24,24.486,0.91137,1.169,1.3665,0.25617,3.9453
25,12.964,1.1925,0.60258,0.3631,0.72648,2.2162
26,-50.013,1.2384,1.0214,1.0432,-0.79411,2.9733
27,50.55,1.0088,1.059,1.1216,0.56132,2.1618
28,11.519,0.85114,0.76555,0.58607,0.301,2.1017
29,-15.651,1.2726,1.4274,2.0374,0.55074,2.3848
30,-42.082,1.2272,1.1229,1.2609,0.018433,2.188
31,17.095,1.0194,0.69869,0.48817,-0.1602,1.9723
32,50.923,1.0938,1.3037,1.6997,-0.69495,4.5431
33,-24.376,0.86723,1.1898,1.4156,-0.035407,2.5955
34,55.231,1.1854,0.95257,0.90739,0.012404,2.8088
35,-10.14,1.0203,0.92019,0.84676,-0.39449,2.3978
36,-7.5923,1.5685,0.78647,0.61853,-0.89144,2.7593
37,42.919,0.70926,1.1684,1.3651,0.14939,1.4584
38,-31.063,1.1858,0.89578,0.80242,0.27423,2.2096
39,-64.524,0.86448,1.1656,1.3586,-0.52562,2.8967
40,174.31,1.3172,1.0574,1.118,0.36086,3.3255
41,7.4988,1.1129,0.84081,0.70696,0.32045,2.1227
42,18.549,1.4147,1.2015,1.4435,-0.098217,1.6177
43,68.081,0.95008,1.2446,1.5491,-0.37881,2.8485
44,8.9548,0.5657,0.95793,0.91763,-0.20289,2.2772
45,-3.3995,1.3476,0.77425,0.59946,-1.9536,7.6473
46,60.201,1.2118,1.6467,2.7115,-0.036688,3.2772
47,71.08,0.76682,1.2764,1.6293,-0.19261,1.8679
48,-9.7055,0.50715,0.92293,0.8518,-0.23416,1.447
49,46.884,1.2686,0.84884,0.72053,-0.58431,2.6094
50,6.3935,0.6294,0.83132,0.69109,0.28167,2.5611
51,6.3451,1.1542,1.2971,1.6825,-0.42348,1.9961
52,-15.458,1.0621,1.0861,1.1796,-0.79782,3.4522
53,39.048,0.64211,1.0492,1.1008,-0.56001,4.127
54,37.642,1.2122,1.2881,1.6592,-0.17375,2.856
55,49.34,0.93948,1.0036,1.0073,0.21231,3.5262
56,-43.278,1.1214,0.94728,0.89733,-0.07757,2.5665
57,-3.7075,0.84327,0.68149,0.46443,-0.032634,1.8476
58,101.51,1.1105,0.92299,0.85191,0.15061,3.2316
59,23.518,0.56925,0.78694,0.61927,-0.0038995,2.1124
60,-9.5318,1.1473,1.0129,1.0259,-0.13927,1.9626
61,221.79,1.2939,0.93444,0.87319,0.15995,1.9861
62,59.869,1.3199,1.0221,1.0446,-0.97762,4.8512
63,-11.66,0.68672,0.68899,0.4747,-0.34705,2.1043
64,-14.512,0.93773,0.83863,0.70329,0.34781,2.0218
65,0.87039,1.2147,0.51891,0.26926,0.26205,2.2964
66,-44.13,1.0784,0.94844,0.89953,-0.20699,2.5118
67,37.197,0.69097,0.90554,0.82001,0.14301,2.2367
68,70.21,1.1168,1.0032,1.0065,0.048517,3.1303
69,69.962,1.0573,1.0834,1.1737,-0.039016,1.9664
70,37.781,1.0148,1.0488,1.1,-0.25715,2.684
71,-1.202,0.89107,0.81171,0.65887,0.1317,1.8234
72,-46.038,0.89503,0.64938,0.4217,-0.40047,2.9774
73,192.56,1.3784,1.1898,1.4156,-0.077201,2.386
74,-14.564,0.63566,1.3036,1.6994,0.15592,2.0921
75,-3.1966,1.3929,0.91442,0.83616,-0.48542,3.1495
76,57.213,0.70308,1.3742,1.8883,-0.81114,3.4607
77,-16.122,0.63974,0.83318,0.69418,0.11647,1.9874
78,-30.519,1.0779,1.1247,1.265,-0.79802,2.4575
79,85.015,1.2488,1.2334,1.5214,0.38588,2.8798
80,-95.367,1.026,1.2271,1.5057,-0.27866,2.3439
81,-39.583,1.0184,1.3851,1.9184,1.4849,4.6388
82,136.34,1.405,0.85724,0.73486,-0.071794,2.8466
83,-17.059,0.52108,0.57794,0.33401,-0.1687,2.1096
84,3.0735,1.0792,1.0825,1.1717,-0.68992,3.17
85,-92.056,1.3955,1.037,1.0753,0.39319,1.9895
86,-76.518,1.403,1.0181,1.0366,-0.2533,1.7757
87,-56.075,1.0005,1.0128,1.0257,0.11276,2.9614
88,71.688,0.7646,1.1818,1.3968,-0.20562,2.568
89,189.68,1.1355,0.97583,0.95225,0.47463,2.2693
90,95.125,1.1813,0.81146,0.65847,0.28358,2.3314
91,222.33,1.2938,0.94837,0.89941,0.21437,2.171
92,44.64,0.57073,0.95689,0.91564,1.5404,4.7889
93,88.845,1.1652,0.85592,0.7326,-0.28831,1.8694
94,8.0161,0.97483,1.074,1.1534,0.20667,1.741
95,0.38822,0.76265,1.0691,1.143,0.50918,1.9477
96,78.582,1.1263,1.5694,2.463,-0.70272,3.0806
97,-24.662,1.3105,0.85453,0.73021,0.45143,2.6889
98,140.8,1.6026,0.84159,0.70828,0.10919,1.7636
99,54.467,1.0921,0.82927,0.68769,0.34552,2.4322
100,1.0035,0.90129,0.86372,0.74601,0.31154,2.1448
101,-2.4801,1.2898,0.97203,0.94485,0.22677,1.6503
102,-44.925,0.84036,1.0906,1.1895,0.19351,2.5529
103,-73.798,1.3547,0.88842,0.78929,0.67615,2.8182
104,-2.476,1.0176,0.79004,0.62416,-0.22737,2.2574
105,-32.826,1.2314,0.98079,0.96195,-0.26211,2.1603
106,-10.73,0.78796,1.0257,1.052,-0.15892,1.8892
107,34.789,0.8117,1.1814,1.3958,-0.37971,2.4071
108,-55.149,1.5256,0.74614,0.55672,-0.6746,2.12
109,-42.681,1.1109,0.78706,0.61947,0.11925,1.7931
110,-74.96,1.2109,1.0648,1.1338,0.4817,2.5377
111,-27.141,0.69948,1.0827,1.1722,-0.12906,2.9371
112,-69.666,1.2525,1.36,1.8497,-0.35893,2.4593
113,-33.695,1.0652,1.2368,1.5297,0.75701,2.8691
114,2.3424,0.72008,1.2166,1.48,-0.53845,2.8415
115,60.672,1.4664,0.72807,0.53008,-1.1374,3.8112
116,6.9553,1.0352,0.96956,0.94005,-0.079868,2.0559
117,104.81,1.2432,1.1894,1.4148,0.26883,1.8726
118,-81.444,1.5729,0.85214,0.72614,-0.47465,2.146
119,14.592,1.3572,0.8879,0.78837,0.88278,4.0554
120,9.678,1.1281,0.97602,0.95261,-0.15997,2.2098
121,-2.999,0.73325,0.61343,0.37629,0.2,3.1726
122,31.499,0.87426,0.80752,0.6521,-0.0556,2.5897
123,-81.681,1.1025,1.0373,1.0759,0.50216,2.372
124,-15.583,1.0985,1.1114,1.2352,0.10715,2.5685
125,-113.64,1.1396,0.83424,0.69596,0.16306,1.9372
126,54.087,0.72232,0.7541,0.56866,-0.16159,2.1084
127,111.16,0.74987,1.1604,1.3466,0.31348,1.9045
128,-66.05,1.3317,0.80952,0.65532,-0.50574,2.5925
129,10.44,1.4262,0.76954,0.59219,-2.1412,7.8415
130,94.252,1.1258,0.99755,0.99511,-0.81135,3.8681
131,22.184,0.91308,0.84744,0.71816,0.7718,2.7548
132,-13.591,0.9936,1.2065,1.4556,-0.16026,2.0874
133,-29.579,0.84187,1.146,1.3134,0.030509,1.7337
134,53.17,0.97158,0.96247,0.92636,0.21282,2.3616
135,2.5598,1.4541,0.93333,0.87111,0.48554,2.0983
136,2.3374,0.65515,1.0736,1.1527,0.74156,3.2368
137,-42.788,1.0099,1.1707,1.3705,-0.37055,3.6607
138,42.645,1.1627,0.97432,0.9493,-0.1787,1.9321
139,-47.878,0.98513,1.0997,1.2094,-0.52923,3.0201
140,-103.74,1.0274,1.2281,1.5081,-0.33901,2.5403
141,6.4453,1.3116,0.74892,0.56088,-0.39721,2.3214
142,-31.921,0.77069,1.0452,1.0925,-0.24388,3.3907
143,20.929,0.92877,0.95761,0.91701,-0.57061,2.9486
144,-14.557,0.92415,1.1849,1.4041,-0.43293,3.4378
145,-72.359,0.33393,1.0362,1.0737,-1.2684,4.9819
146,71.543,1.1106,0.91809,0.84288,-0.61196,1.9849
147,61.387,1.2173,0.99513,0.99029,-0.43516,2.0354
148,13.368,0.85307,0.88784,0.78827,-0.99162,3.5497
149,82.243,0.45161,1.0397,1.081,1.4512,5.6043
150,39.36,0.64317,0.84258,0.70994,-0.22955,4.1079
151,-47.188,1.2302,1.3564,1.8399,0.445,2.1471
152,135.25,1.3102,0.81693,0.66738,0.30496,2.1033
153,-34.29,1.1712,1.0073,1.0146,-0.98474,4.6006
154,-26.188,1.1164,0.61908,0.38325,0.30121,2.7833
155,-51.95,1.3041,0.86786,0.75319,0.15293,1.9079
156,-35.628,0.72653,1.0475,1.0972,-0.24636,1.8999
157,6.2811,0.58584,0.94304,0.88932,-0.76033,2.1912
158,7.6097,0.82911,0.7638,0.58339,-0.16575,2.2762
159,-73.042,1.0609,1.019,1.0384,0.15988,2.2142
160,-11.964,0.81476,0.76254,0.58147,0.18318,1.9002
161,-59.673,0.8076,1.0317,1.0644,1.1829,3.441
162,8.1108,0.92497,0.92628,0.858,0.096124,2.4533
163,-23.259,0.98781,0.95176,0.90585,-0.058228,2.9039
164,-36.991,1.0639,0.81822,0.66949,0.48901,3.801
165,-8.8143,1.2128,0.64581,0.41707,0.53027,2.4468
166,181.93,1.4117,0.85672,0.73396,0.04007,2.21
167,-19.962,0.94852,0.58204,0.33877,0.080231,2.4062
168,38.683,1.0656,0.97933,0.95909,-0.26413,2.5591
169,-3.3939,1.0511,1.0122,1.0245,0.68144,3.3867
170,-47.498,0.99363,1.2063,1.4552,-0.24452,2.653
171,39.339,0.74282,0.74068,0.54861,0.52697,2.1998
172,27.477,0.72845,0.93866,0.88108,0.65054,2.545
173,2.214,0.96989,0.8257,0.68178,0.14423,2.4049
174,18.967,0.95705,1.0218,1.044,-0.69172,3.4171
175,56.001,1.0941,0.80596,0.64956,0.32059,3.1733
176,42.086,0.51394,0.9486,0.89985,0.24633,2.4891
177,54.358,0.78896,1.1543,1.3324,-0.334,2.5328
178,-33.219,1.1045,1.2254,1.5016,-1.115,3.4197
179,94.493,0.93153,1.0762,1.1582,0.40692,2.2647
180,191.81,0.69172,1.2102,1.4646,0.45962,2.0654
181,-108.06,1.0893,1.1235,1.2623,-0.32226,2.3115
182,17.368,1.1007,0.90579,0.82046,-0.78474,2.9777
183,29.735,1.4188,0.79927,0.63883,0.31654,2.7991
184,-24.549,1.0257,0.81961,0.67176,-0.89105,4.703
185,-70.379,0.97501,0.97389,0.94846,-0.33161,2.7423
186,7.8558,0.71728,0.47926,0.22969,-0.28538,1.6975
187,-24.843,1.3267,0.52911,0.27996,-0.32049,2.3283
188,157.8,1.0826,1.1119,1.2364,-0.59603,3.2326
189,58.196,0.53482,0.84975,0.72208,0.69535,4.4775
190,-28.268,0.94282,0.73698,0.54313,0.63898,3.5452
191,175.77,1.3798,0.97747,0.95545,1.129,3.5644
192,-24.316,0.59149,1.2276,1.507,-0.21497,1.9562
193,15.252,1.153,0.78489,0.61605,0.033908,3.6957
194,5.1385,0.77128,0.92586,0.85722,0.42606,2.2969
195,15.919,0.73445,0.79183,0.627,-0.066873,2.8012
196,-3.6796,1.0631,0.80714,0.65148,0.13356,2.2476
197,-113.94,1.632,0.67569,0.45655,-0.79968,3.0968
198,-11.98,0.60275,1.2375,1.5315,0.11203,2.1084
199,-15.133,0.4827,1.2094,1.4626,-0.54733,2.8313
200,14.017,1.2226,1.1159,1.2451,0.19565,2.383
201,-32.978,1.3251,1.5536,2.4136,0.21321,1.5653
202,-7.2039,0.74097,0.63445,0.40252,-0.091376,2.3735
203,79.385,0.93426,1.2321,1.5181,-0.37324,2.5232
204,-103.2,1.1092,1.1459,1.313,1.0229,3.7407
205,-31.479,1.2766,0.99238,0.98482,0.14559,1.6552
206,4.2258,0.52134,1.008,1.016,0.72276,2.5304
207,-1.2282,0.48789,0.98298,0.96625,-0.47694,3.1404
208,-2.1056,0.96589,1.2857,1.6529,0.42683,1.9454
209,-49.085,1.1691,0.76165,0.58011,0.51294,3.0035
210,47.248,1.1582,0.95702,0.91588,-0.27844,2.3503
211,-5.8752,1.4415,1.0465,1.0952,0.11385,1.9376
212,15.563,0.91332,0.7101,0.50424,0.11535,1.8943
213,40.824,0.7423,1.056,1.1152,0.41246,2.4532
214,-61.838,1.5542,0.71994,0.51831,-0.3508,1.7782
215,-67.652,0.7975,0.99069,0.98147,1.0801,3.4331
216,-41.533,1.031,0.86866,0.75456,-0.20282,1.9245
217,133.67,1.0535,1.2355,1.5265,0.68541,2.6521
218,51.04,0.83658,1.1541,1.332,-0.18308,2.1037
219,-71.92,1.0839,1.0163,1.0329,-1.7401,6.3485
220,-31.821,1.0677,1.239,1.5351,-0.48357,2.4074
221,8.6471,0.99016,1.3827,1.9119,-0.010512,1.8843
222,18.211,0.61234,1.0003,1.0006,0.87848,3.3987
223,41.535,0.69866,1.1273,1.2708,-0.23981,1.9978
224,52.364,1.0621,1.0506,1.1038,-0.24347,2.3348
225,-102.42,1.1831,1.0367,1.0747,0.079603,3.1989
226,-130.06,1.3406,1.1136,1.2402,-0.74784,4.4543
227,-28.822,1.193,0.87426,0.76432,-0.76188,2.48
228,-29.999,0.98691,0.96915,0.93926,-0.40916,2.282
229,-24.278,0.73849,0.99472,0.98948,-0.13424,1.8992
230,12.67,1.2442,1.2377,1.532,0.94325,3.3697
231,51.301,0.54268,1.3528,1.8301,-0.034185,2.2495
232,-67.047,0.96726,0.95227,0.90682,0.67508,2.5434
233,45.213,1.0619,0.80781,0.65256,0.62335,2.9706
234,30.065,0.54972,1.1175,1.2488,-0.17949,2.5057
235,-89.349,1.2578,0.96577,0.93271,-1.0308,3.5328
236,-14.85,1.264,0.89392,0.79909,0.15307,1.7481
237,218.91,1.3103,1.558,2.4273,-0.1323,3.8392
238,149.46,1.4549,0.63769,0.40665,-0.54536,2.2538
239,52.635,0.91442,1.125,1.2657,-0.6854,3.0246
240,3.3231,0.57501,0.96238,0.92617,0.50934,2.7337
241,66.425,0.95904,0.98955,0.9792,-0.38975,1.9358
242,9.2695,1.2457,0.902,0.8136,0.32024,2.4513
243,117.49,1.3328,0.99132,0.98272,0.16342,3.4197
244,68.025,0.99863,1.0907,1.1896,0.082389,2.2537
245,-97.87,1.1844,0.88772,0.78805,0.19429,1.9126
246,-44.616,0.89529,1.1098,1.2318,0.19788,2.4682
247,-15.368,1.2182,0.86382,0.74618,-0.75333,2.6051
248,7.3002,1.2869,0.92923,0.86348,-0.74047,2.8245
249,-52.401,1.0857,1.1108,1.2338,-0.66657,2.9926
250,14.157,0.49886,0.9399,0.88342,0.066005,2.0756
251,-125.09,1.475,0.96558,0.93234,0.41183,2.1826
252,-3.0448,1.1445,0.84044,0.70634,-0.1481,1.8531
253,-37.283,1.0477,0.82714,0.68417,-0.17839,2.9212
254,100.31,1.1586,1.1229,1.2609,0.80963,3.4192
255,0.5072,1.158,0.67121,0.45053,-0.28997,2.5309
256,-4.4971,1.3624,0.88629,0.7855,0.35684,2.6425
257,-35.507,1.0116,0.79739,0.63583,0.13502,1.6576
258,-36.195,1.2669,0.7263,0.52751,-1.5147,5.2931
259,2.6223,1.6519,1.0517,1.106,-0.27552,1.751
260,-67.067,1.4972,1.0026,1.0053,-0.23796,2.1774
261,-32.204,0.84102,0.9341,0.87255,0.021937,2.0339
262,-2.1154,1.0273,0.56384,0.31792,-0.004274,2.0501
263,40.022,0.94048,0.78959,0.62345,-0.059469,2.2482
264,-30.257,0.96966,0.68292,0.46638,0.26217,1.7555
265,60.742,1.1338,0.97598,0.95253,-0.18386,2.0234
266,-62.642,0.92495,0.84178,0.70859,0.13799,2.0889
267,-29.903,0.68047,0.95004,0.90257,-0.33517,2.7627
268,1.6459,1.2756,0.87436,0.76451,-0.8872,3.3811
269,7.7204,0.98702,0.94649,0.89584,-0.076463,2.377
270,-41.474,0.60948,0.89771,0.80588,0.36318,2.8513
271,113.93,0.76043,1.0603,1.1241,-0.1088,1.927
272,-15.976,0.71483,0.93464,0.87355,-0.051871,2.2239
273,9.3987,1.2946,0.79198,0.62724,0.59023,3.0772
274,-169.76,1.3854,1.1566,1.3377,0.66109,3.6287
275,-42.502,0.88124,1.0854,1.1781,0.072003,2.1734
276,-16.105,0.69629,1.0872,1.1819,0.41875,2.3674
277,-16.18,0.72753,0.83236,0.69282,-1.1996,4.8612
278,201.95,1.1532,1.3236,1.7519,-0.66309,1.845
279,-14.804,0.93586,0.97153,0.94386,-0.405,2.1965
280,36.257,0.70978,0.57991,0.3363,0.67857,2.5651
281,22.92,1.1085,1.1193,1.2529,-0.48119,2.8431
282,49.317,0.85396,1.0999,1.2099,0.79543,3.0249
283,27.646,1.133,1.1194,1.2531,0.021539,2.1022
284,-65.136,1.1234,1.4084,1.9835,-0.75068,2.6009
285,165.65,1.0531,1.2177,1.4828,-0.29601,1.7587
286,-55.332,1.266,1.33,1.769,0.034857,1.8679
287,52.289,1.2882,0.94326,0.88973,0.24848,2.2105
288,131.63,1.3102,1.0754,1.1565,-0.049209,2.0182
289,-47.542,0.98574,0.87303,0.76218,0.50494,2.4108
290,-49.917,0.77527,0.94894,0.90048,-0.1145,2.1237
291,40.796,1.4947,1.0729,1.1511,1.2603,5.4129
292,-76.734,1.1941,1.1442,1.3091,-0.60044,3.6475
293,19.966,0.63089,1.0052,1.0103,-0.63198,3.1387
294,-9.7701,0.61008,0.91136,0.83059,-0.3129,1.9742
295,-33.081,0.91388,0.95641,0.91473,-0.22327,1.6121
296,57.009,1.1903,0.92422,0.85418,0.18075,3.0113
297,-81.051,0.92417,1.3356,1.7839,-0.016507,1.7121
298,165.71,1.1137,1.0753,1.1562,0.39496,2.3235
299,33.536,0.8644,1.2349,1.5249,0.30045,2.0419
300,21.772,1.0309,0.74179,0.55025,0.081842,1.4639
301,66.301,1.1276,0.74427,0.55394,0.11239,1.8557
302,-10.841,0.83907,0.78611,0.61796,-0.30609,1.6872
303,-11.225,0.85224,1.3399,1.7952,0.56813,2.4002
304,130,1.1678,1.0736,1.1527,-0.20826,2.1337
305,-15.997,1.2933,0.90574,0.82037,-0.43434,3.2018
306,-8.8704,0.38115,0.78823,0.62131,0.68314,3.5423
307,-22.292,1.0963,0.77908,0.60696,-0.7467,2.7638
308,100.43,0.74671,0.97379,0.94826,-0.044814,2.2514
309,7.7693,1.0869,0.81506,0.66433,-0.44576,1.7453
310,57.846,0.92463,0.85529,0.73152,0.061887,1.9742
311,98.81,0.89703,0.9824,0.96511,0.07143,2.6113
312,39.214,0.84284,0.85018,0.72281,-0.55953,2.3351
313,-83.335,1.2835,1.2354,1.5262,0.39514,2.4485
314,151.63,1.3222,0.92078,0.84783,-0.72163,3.3596
315,-3.1123,0.61634,0.74473,0.55462,0.84925,3.12
316,-70.648,1.1081,1.1881,1.4116,-0.15374,2.6609
317,-8.4796,0.85185,1.4482,2.0972,-1.0262,3.699
318,-15.233,1.1173,0.91049,0.829,-0.35984,2.0239
319,2.2295,1.0446,1.4859,2.2078,0.24831,1.8916
320,-55.435,1.0822,1.0808,1.1681,0.89924,3.1304
321,112.12,1.1387,1.0508,1.1043,0.80734,3.5829
322,5.5702,0.63998,0.99375,0.98753,-0.81759,3.0265
323,60.691,0.72198,0.80903,0.65453,0.024181,1.9391
324,11.812,0.96581,1.2313,1.5162,-0.99578,3.5242
325,55.827,0.99355,0.69237,0.47938,0.19496,2.2201
326,-33.639,0.86829,1.2385,1.5339,-0.77634,3.5964
327,6.0078,0.76279,0.99766,0.99533,-0.20954,2.308
328,-36.733,0.904,1.3993,1.958,0.40281,2.3366
329,-8.5174,1.0513,1.0874,1.1824,0.068349,1.8851
330,-39.33,1.0502,1.2545,1.5737,0.23785,2.0945
331,-8.8584,0.66024,1.1714,1.3721,0.33889,2.5821
332,-21.517,1.1936,0.94529,0.89357,0.19244,2.7533
333,28.576,1.0471,0.92608,0.85763,0.57925,2.2303
334,31.765,0.72338,1.1646,1.3564,-0.23131,2.7743
335,-51.382,0.74508,0.82546,0.68138,0.42792,2.139
336,26.025,0.88989,0.91444,0.83621,0.081081,1.77
337,20.479,1.0734,1.1328,1.2832,-0.099254,3.1721
338,200.69,1.0126,1.3361,1.7851,0.87533,3.1351
339,-54.068,1.5417,1.1896,1.4152,-0.14108,1.7969
340,17.783,0.86333,0.92459,0.85486,0.26453,3.0723
341,12.141,0.89286,0.78107,0.61006,0.00044168,2.0531
342,157.1,1.3583,0.91184,0.83146,-0.26439,2.9419
343,17.838,0.77548,0.81965,0.67183,-0.15722,1.773
344,4.7403,0.48941,0.88096,0.77608,-0.65854,2.6159
345,-13.931,1.1934,0.86205,0.74313,0.78019,2.6593
346,-72.933,1.0595,0.78267,0.61256,0.37343,1.9728
347,-16.524,0.94426,1.1354,1.2892,0.017457,2.126
348,-31.924,1.136,0.91583,0.83874,-0.12565,2.291
349,-80.575,0.98721,0.80741,0.65191,0.81198,3.0136
350,-46.951,1.3305,1.0698,1.1446,-0.51223,2.5049
351,88.832,1.2273,0.88216,0.7782,0.33919,2.4021
352,4.4088,0.85011,0.87002,0.75693,0.12773,2.607
353,-37.638,0.93673,0.76887,0.59117,-0.28253,2.0657
354,15.136,1.1035,1.0647,1.1335,-0.51719,2.6764
355,-16.082,0.77402,0.80309,0.64495,0.28127,2.3046
356,42.144,1.5336,0.86256,0.74401,-0.09847,1.9976
357,31.357,0.99923,1.2093,1.4625,1.1541,3.6174
358,-21.288,0.86909,0.8849,0.78305,-0.046879,1.8771
359,-1.8198,0.90689,0.94075,0.88502,0.20618,1.6896
360,-21.19,0.89051,0.83167,0.69168,-0.77539,3.1461
361,-22.999,0.89726,0.98981,0.97973,-0.86235,3.0257
362,11.714,1.2168,0.88441,0.78219,-0.33516,2.7426
363,-39.538,1.3101,0.84413,0.71255,-0.38328,2.1329
364,-72.791,0.95761,1.3447,1.8082,-0.14075,2.1303
365,113.7,1.0424,1.0867,1.181,-0.32674,1.789
366,-60.63,1.0838,0.92978,0.86449,0.31703,2.8716
367,-56.739,0.58547,1.2937,1.6736,0.52574,3.938
368,110.54,0.63877,1.0515,1.1056,0.65889,2.3989
369,-87.341,0.91958,1.0167,1.0337,-0.77883,3.0195
370,13.987,0.61726,0.73029,0.53332,0.063155,2.3645
371,25.716,0.6002,0.97491,0.95045,0.0082415,3.2845
372,-31.325,0.8057,0.87929,0.77315,0.26829,1.9828
373,-32.284,0.88223,1.2371,1.5305,0.20675,2.466
374,27.244,1.3525,1.0183,1.0369,-0.64457,2.9504
375,-11.726,1.1869,1.0039,1.0079,0.47552,2.0417
376,82.758,1.5065,0.79112,0.62587,0.64355,3.1621
377,52.829,1.1706,1.4001,1.9603,-0.050112,3.1026
378,140.09,1.1348,1.0933,1.1953,-0.026592,1.8125
379,-34.085,1.2517,0.94429,0.89168,0.23643,2.286
380,-3.849,1.059,0.59009,0.34821,-0.32349,2.1376
381,140.55,1.4374,1.0186,1.0375,0.52507,2.4158
382,-47.093,1.2915,0.94026,0.88409,1.4349,4.6094
383,22.033,0.70171,1.1009,1.212,-0.44064,2.3778
384,-24.998,0.75655,0.70179,0.49251,-0.48499,2.7882
385,69.667,0.62277,1.2572,1.5806,0.31389,2.2985
386,-38.266,1.0475,0.78493,0.61612,0.33622,2.3561
387,41.281,0.68973,0.87685,0.76887,0.26327,3.7364
388,14.024,1.0155,0.98621,0.9726,-0.77161,3.0978
389,27.818,0.7801,1.2483,1.5583,0.10858,2.9056
390,-49.632,1.0572,0.99809,0.99617,-0.75969,2.0553
391,172.34,0.93148,1.1278,1.272,0.50314,2.3233
392,-71.684,0.85638,0.82166,0.67513,-0.40055,2.7299
393,54.678,1.1933,0.97205,0.94487,0.90187,3.3361
394,13.618,0.81496,1.0208,1.0421,0.30172,2.07
395,1.9325,0.9383,0.89183,0.79535,1.196,3.9466
396,59.274,0.88437,0.6552,0.42929,0.13064,2.2297
397,54.673,1.3253,0.69736,0.48631,-0.78868,3.7759
398,7.6677,1.2722,0.89798,0.80638,-0.1056,1.7228
399,-9.6706,1.184,0.88122,0.77654,0.83521,3.8191
400,45.372,0.69219,1.0532,1.1093,-0.68394,3.1694
401,-9.4482,0.62358,0.88227,0.77841,-0.19561,2.3494
402,15.72,0.79414,0.81032,0.65662,0.24923,2.0875
403,103.97,1.0993,0.86478,0.74785,0.016435,2.0191
404,63.805,1.3224,1.0218,1.044,1.1759,4.3495
405,-22.468,0.31767,1.1365,1.2916,0.43694,2.5031
406,73.631,1.3155,0.82048,0.67319,0.42976,1.9218
407,-19.988,0.89843,0.70625,0.49879,0.31446,1.6321
408,2.6627,0.41718,0.8714,0.75934,-0.48123,3.2941
409,49.438,0.98635,0.9192,0.84493,0.35851,2.2999
410,1.2368,1.0038,0.97536,0.95134,0.069911,1.6424
411,-21.785,0.67267,0.84644,0.71646,-0.49366,1.8256
412,-53.758,0.98249,0.83086,0.69033,-1.0732,3.9638
413,-11.566,1.0227,0.62735,0.39356,-0.18266,1.8088
414,-41.496,1.7206,0.87877,0.77223,0.13462,1.7763
415,84.454,1.1177,1.6283,2.6512,-0.78163,3.2836
416,34.004,1.2035,1.1372,1.2933,-0.35568,2.1742
417,91.19,1.2246,1.2847,1.6506,0.44979,2.135
418,-52.581,0.72562,0.79636,0.63418,-0.011168,2.0753
419,-4.3112,1.0239,0.91463,0.83655,-0.040287,3.4948
420,44.049,1.0097,1.0723,1.1499,-0.28072,1.718
421,-41.324,0.64773,0.9958,0.99162,-0.15293,3.9759
422,-44.613,1.3017,0.74561,0.55593,-0.2913,3.03
423,129.46,1.2998,1.2871,1.6566,0.9577,3.3662
424,99.091,0.64411,1.0437,1.0893,0.73058,3.0795
425,-84.231,1.1711,1.0668,1.1381,-1.3484,4.4692
426,-142.55,1.655,0.91636,0.83972,-0.54492,2.8934
427,-44.737,1.1721,0.99278,0.98562,-0.32683,2.8934
428,-11.395,0.98064,0.99328,0.9866,-0.41444,2.2933
429,94.586,0.75888,1.0024,1.0047,-0.15388,1.5037
430,88.339,1.084,1.0435,1.0888,0.15245,1.7215
431,55.133,0.83407,1.0688,1.1424,0.33172,2.0293
432,-2.2147,0.78909,0.81838,0.66975,0.94571,3.2648
433,41.05,0.8798,1.0262,1.0531,-0.77764,2.4815
434,-68.548,0.76832,1.005,1.01,-0.19654,1.7792
435,-12.094,0.92272,0.67188,0.45142,0.12729,2.4146
436,-65.105,0.98684,0.97789,0.95628,-1.1572,4.0049
437,-4.1033,0.85983,1.0645,1.1331,1.12,4.2837
438,165.83,1.2268,1.5044,2.2633,-0.0531,2.4804
439,77.428,0.9916,1.0751,1.1559,-0.24744,1.7954
440,24.517,0.9812,0.91479,0.83683,0.14859,1.8358
441,-21.572,0.7092,0.87156,0.75962,-0.66944,3.4332
442,-2.4746,0.64526,1.0131,1.0263,0.62104,2.1331
443,148.37,0.72283,1.1856,1.4057,0.21314,3.2703
444,-3.5432,0.74177,1.0452,1.0924,0.22115,1.4007
445,-57.338,0.98326,1.1205,1.2554,0.40038,2.3402
446,36.52,0.75501,0.91807,0.84285,-0.36261,2.7175
447,11.122,0.84127,0.8579,0.73599,0.13728,2.0748
448,14.516,1.0557,1.1746,1.3797,0.1481,2.1326
449,-51.174,0.96242,1.3732,1.8856,-0.13773,1.785
450,-10.985,1.0361,0.88486,0.78298,-0.3327,2.4054
451,-40.73,0.84945,0.86423,0.7469,-0.17917,1.8955
452,-37.644,0.73844,1.1602,1.3461,0.1582,1.9388
453,-12.361,0.7563,0.71284,0.50814,0.45864,2.4489
454,-8.432,0.87593,0.92734,0.85997,0.48935,2.6342
455,43.705,0.71552,0.79116,0.62593,0.44553,1.8624
456,0.82983,0.96097,0.82114,0.67427,0.82997,3.083
457,31.195,1.2415,1.1428,1.306,0.56117,2.4447
458,-9.9662,0.49949,0.99163,0.98334,0.84388,2.6774
459,27.57,1.1421,0.98003,0.96045,0.35182,2.2553
460,92.232,1.218,0.93817,0.88017,0.76698,3.8311
461,-38.669,0.75973,1.325,1.7556,0.88835,2.4875
462,51.168,0.44972,1.547,2.3933,0.8163,3.7648
463,198.92,1.0974,1.2107,1.4659,0.44404,3.2981
464,14.653,1.0864,1.103,1.2165,0.44888,2.0953
465,-110.33,1.2812,0.87049,0.75775,0.80743,2.4414
466,15.681,0.71385,0.84308,0.71078,0.50185,2.8657
467,-23.076,1.0658,0.963,0.92737,1.2222,5.1297
468,76.855,0.82474,0.92187,0.84984,-0.25039,2.524
469,-28.054,1.085,0.8861,0.78517,-0.59785,2.1514
470,57.93,1.1472,0.8343,0.69606,-0.6347,3.4143
471,124.1,1.0794,1.0238,1.0482,1.1046,4.4885
472,27.68,0.73603,1.0002,1.0003,0.014418,2.0776
473,23.153,0.67548,0.81122,0.65808,-0.43398,1.9989
474,-19.671,0.27441,0.82628,0.68273,-1.4716,5.6463
475,38.282,1.2756,0.89221,0.79604,0.70979,2.9528
476,-0.072533,0.64017,0.71614,0.51286,-0.15404,3.7112
477,-50.939,1.0158,1.1434,1.3074,0.23529,1.6709
478,48.758,0.88828,1.0734,1.1523,0.020979,2.1363
479,-97.991,0.86515,1.1049,1.2208,0.076068,2.9775
480,-8.281,1.1088,0.84206,0.70907,0.27558,2.4039
481,-79.197,1.2569,0.85622,0.73311,0.52195,2.6434
482,11.142,0.6101,1.1298,1.2764,1.0044,3.2549
483,30.949,0.67543,0.87504,0.76569,-0.3046,1.6643
484,82.803,1.0614,1.2493,1.5606,-0.11474,2.1278
485,-29.961,1.0447,1.2509,1.5647,-0.69048,2.6494
486,-0.63217,0.47041,0.85587,0.73251,-0.359,2.4956
487,-62.421,1.0727,0.92929,0.86357,-0.11381,3.7295
488,40.097,1.0632,1.0307,1.0622,-0.060972,2.2523
489,34.235,0.90742,0.893,0.79744,0.21791,1.7747
490,25.893,0.90908,0.87852,0.7718,-0.27717,2.0004
491,21.311,0.91785,1.2383,1.5333,0.46257,2.2102
492,-31.421,0.77699,0.81175,0.65894,-0.097592,1.9976
493,-11.673,0.63279,1.0058,1.0117,-0.74191,2.3766
494,27.11,1.0547,1.1766,1.3843,0.26203,2.157
495,-12.998,0.75543,0.6715,0.45091,0.2413,2.0052
496,19.114,0.75629,0.73237,0.53637,-0.15853,1.8733
497,229.81,0.9293,1.4843,2.2032,0.68923,2.6
498,4.6333,0.75298,0.79256,0.62815,-0.34056,1.9902
499,56.254,0.84281,1.1258,1.2675,-0.28958,2.7497
500,-8.2971,1.0311,0.81317,0.66125,-0.70229,2.544
501,111.11,1.1652,1.1272,1.2706,-1.3253,5.0115
502,81.964,0.962,1.0161,1.0325,0.37897,2.0086
503,-19.878,0.81994,0.97263,0.94601,-0.11052,2.09
504,9.2127,0.88113,1.2996,1.6891,-0.44762,2.1031
505,-61.751,1.2269,1.252,1.5675,-0.0036071,1.9639
506,-20.386,0.96149,0.94229,0.8879,-0.77843,3.0262
507,-18.319,1.1883,0.94054,0.88462,-0.035778,3.747
508,-74.825,1.2041,0.74565,0.55599,-0.32691,2.437
509,-46.318,1.4411,1.1263,1.2685,-0.32251,1.8325
510,26.331,0.89587,0.95188,0.90608,-0.17185,2.5365
511,-23.803,0.38469,0.96093,0.92338,-0.47237,2.5896
512,-41.872,1.2017,0.80511,0.6482,0.14038,3.1101
513,-18.793,0.53121,0.78907,0.62263,1.4431,5.1268
514,-85.008,1.0061,1.0116,1.0232,0.33148,2.4863
515,-85.544,1.2399,1.0505,1.1036,0.28622,2.2327
516,125.66,1.1651,1.0722,1.1496,0.042742,2.1317
517,19.518,1.0095,1.196,1.4304,0.10544,2.5388
518,-76.39,1.0913,0.89842,0.80717,0.045972,2.1718
519,28.414,1.23,1.1292,1.2751,0.26266,2.2841
520,23.93,0.8221,0.8944,0.79996,0.3364,2.1064
521,-110.68,0.90165,1.1698,1.3685,0.18608,1.9266
522,-54.381,0.48068,0.96555,0.93229,-1.0889,4.2964
523,-9.6045,1.1501,1.0223,1.045,0.25397,2.5178
524,33.448,0.9567,1.2064,1.4553,-0.31941,1.9255
525,112.07,1.0346,1.3505,1.8239,0.31329,2.1514
526,-42.447,0.84064,1.0069,1.0138,0.38434,2.7578
527,-0.83074,1.2004,0.67225,0.45193,0.97039,3.6379
528,31.693,0.56978,1.2888,1.6611,-0.50447,2.1942
529,25.807,0.77609,0.66873,0.44719,-0.044276,2.4193
530,52.857,0.9755,1.0944,1.1977,-0.39877,2.4087
531,11.989,0.71481,0.71999,0.51838,0.58988,2.5476
532,25.379,1.1083,1.0283,1.0574,0.69604,3.2296
533,21.107,1.2447,0.8892,0.79068,-0.3111,1.7125
534,15.301,1.0284,0.76211,0.58081,0.6656,2.4269
535,-4.738,0.41248,0.66934,0.44802,-0.1036,2.0939
536,-110.14,1.2213,1.189,1.4137,0.17409,2.5236
537,60.933,1.0277,0.95633,0.91458,-0.065071,2.436
538,19.863,0.81303,1.1952,1.4284,-0.51321,3.531
539,-19.075,0.96129,0.82251,0.67652,-0.38842,2.2156
540,-43.463,1.0179,0.96037,0.92231,0.075085,2.0985
541,-51.689,1.1252,0.62067,0.38523,-0.21411,3.2435
542,113.18,1.1495,0.98107,0.96251,0.70922,2.6348
543,-99.185,1.2621,1.0113,1.0228,-0.44436,2.5778
544,34.258,1.267,1.3283,1.7645,-0.29819,1.9594
545,33.574,0.78963,0.7549,0.56987,0.6446,1.8172
546,-17.435,1.0504,0.79719,0.63551,-0.10315,2.0196
547,-110.03,1.2962,0.97184,0.94448,-0.26899,1.9467
548,0.094575,0.96439,0.85982,0.73929,-0.067391,2.2026
549,-22.651,0.81045,0.76426,0.58409,0.48571,2.0356
550,14.958,1.311,1.0593,1.1221,-0.23947,2.1383
551,39.145,1.0141,1.0266,1.0539,-0.78598,2.4522
552,17.235,1.0728,0.99114,0.98236,-0.73916,2.5349
553,-83.721,1.3596,0.86184,0.74276,-0.36196,2.3162
554,-46.924,0.85912,0.95397,0.91007,0.74063,3.9152
555,-39.616,0.94975,0.9246,0.85489,0.23467,2.3093
556,-27.194,0.72702,1.1863,1.4072,-1.0939,3.2079
557,-25.009,0.79584,1.1289,1.2743,-1.2495,3.8582
558,-42.67,0.85312,0.95681,0.91548,0.52768,2.0785
559,48.809,0.93818,0.89757,0.80562,0.10872,1.8672
560,-22.672,0.9466,1.1095,1.2309,0.46385,2.3123
561,-221.17,1.7778,0.90861,0.82557,0.44076,2.434
562,155.68,1.5962,1.0483,1.099,-0.098705,1.8481
563,-33.067,0.63652,0.92602,0.8575,-0.23647,2.0917
564,-34.348,0.91537,0.7878,0.62062,-0.53836,2.1722
565,9.1378,0.63745,0.96993,0.94076,-0.20942,1.923
566,-42.223,0.76989,0.75435,0.56904,0.20108,2.3703
567,-55.085,0.86679,1.0155,1.0313,-0.45446,3.0819
568,6.241,0.90092,0.97208,0.94493,-0.3489,1.6258
569,10.907,1.0075,0.74312,0.55223,0.096004,2.2011
570,17.861,1.0209,1.2236,1.4973,-0.28276,2.9638
571,42.852,0.99933,1.1168,1.2472,0.2877,1.9961
572,-12.378,1.3808,0.83609,0.69905,-0.54697,2.7115
573,-34.234,0.7616,0.74747,0.55872,0.91001,2.8038
574,204.97,1.389,1.1912,1.4189,0.62893,2.2097
575,-21.488,1.1487,0.73173,0.53543,0.50685,3.3486
576,2.534,1.1125,1.0279,1.0566,-1.6449,6.0011
577,47.798,0.81342,0.96041,0.92239,0.76566,2.5374
578,-31.551,0.96983,1.1066,1.2246,0.23576,1.9455
579,-60.178,1.0561,1.0333,1.0677,0.39878,1.6596
580,-78.715,0.82447,0.97405,0.94877,0.96957,4.5431
581,-6.0035,0.98528,1.0763,1.1584,-0.66988,2.2791
582,2.6488,0.85435,0.9292,0.86341,-1.0869,4.1906
583,17.567,0.86116,0.90712,0.82287,-0.33434,3.1349
584,-27.289,0.54773,0.94973,0.90199,-0.48504,2.2538
585,0.4037,1.1981,0.6762,0.45725,-0.65574,3.5614
586,89.049,0.79159,0.9868,0.97378,-0.5532,3.2218
587,-60.326,1.0969,0.99687,0.99375,0.542,2.3769
588,20.808,0.98308,0.91288,0.83335,0.23269,1.8411
589,-30.727,0.97434,0.67821,0.45997,-0.24768,2.0295
590,63.14,1.0844,0.97515,0.95092,0.57291,2.4729
591,-50.322,1.6779,0.93007,0.86503,-0.51809,2.8789
592,141.17,1.0188,1.2446,1.5489,-0.26488,2.6038
593,-72.572,0.66856,1.2165,1.4798,0.51299,2.6075
594,15.677,1.2048,1.1514,1.3258,0.65011,2.9665
595,-84.39,1.0897,1.0655,1.1353,0.14003,1.92
596,131.93,1.0224,1.2181,1.4838,-0.52535,2.5741
597,44.272,1.2762,1.2951,1.6773,-0.59641,3.3046
598,-31.922,1.0118,0.65062,0.4233,-0.15782,2.7453
599,-36.508,1.4183,1.1606,1.3469,-0.16051,2.709
600,-27.29,0.9519,1.0098,1.0197,-0.22634,1.7463
601,-44.282,1.1767,0.77922,0.60718,-0.12733,1.9866
602,23.131,0.67965,1.0586,1.1206,-0.16495,2.152
603,24.108,1.1144,0.83074,0.69013,-0.25492,2.3523
604,103.91,1.1138,1.3484,1.8182,0.86404,3.2884
605,90.506,1.1427,1.121,1.2567,0.24353,3.3975
606,-20.284,0.82206,1.0155,1.0313,0.14801,2.4914
607,0.93932,0.48325,1.1266,1.2692,0.26008,3.356
608,13.825,1.2391,1.2216,1.4924,0.24774,2.2389
609,-85.909,1.0149,1.2745,1.6244,-0.074742,1.8223
610,70.86,0.97307,1.4356,2.061,0.27779,2.4028
611,50.132,0.9524,1.0023,1.0047,0.20378,2.1244
612,-19.502,0.99971,1.3594,1.8479,0.50293,2.0466
613,-35.178,0.82435,0.78653,0.61863,0.38726,3.1083
614,-9.6071,1.0074,1.2619,1.5925,-0.69578,2.4749
615,41.893,0.75559,0.87365,0.76327,-0.63797,3.2449
616,7.6503,1.0432,0.6261,0.392,-0.18691,2.0576
617,-96.859,0.94281,1.1138,1.2406,-0.30116,2.3717
618,-4.1218,0.86184,1.0053,1.0105,0.13516,1.9803
619,-32.711,1.037,0.65614,0.43052,-0.1256,1.8433
620,18.962,0.79423,0.82967,0.68835,0.40411,2.0517
621,6.0257,0.4671,1.0321,1.0652,0.63184,2.3702
622,-74.63,0.99379,0.80371,0.64594,1.1723,3.9113
623,98.78,0.83943,0.94956,0.90166,0.39448,2.3755
624,-90.692,1.3129,0.80361,0.64579,-1.467,5.1007
625,-172.21,1.026,1.2127,1.4706,0.56964,2.1337
626,7.0538,0.77836,1.035,1.0712,0.81999,3.5128
627,20.761,0.63997,1.0394,1.0804,-0.26873,2.4925
628,-14.844,0.88369,1.092,1.1925,0.30369,2.0808
629,-59.029,1.2461,0.86099,0.74131,-0.013251,1.9939
630,5.6987,1.0135,1.1192,1.2527,0.37265,2.4096
631,127.8,1.0529,1.1013,1.2129,-0.38499,1.8288
632,-48.36,1.2054,1.0902,1.1885,-0.11525,2.7702
633,45.419,1.0622,1.0038,1.0077,-1.5223,5.5506
634,59.125,0.83855,1.0004,1.0008,-0.52665,2.8882
635,-23.302,0.80215,0.91887,0.84431,0.33636,2.5188
636,-32.187,0.70742,0.7686,0.59074,-0.38506,2.2862
637,10.369,0.85723,0.61251,0.37517,-1.1014,3.8803
638,68.071,0.81188,0.98927,0.97865,-0.1426,2.0932
639,-12.637,0.92943,0.86927,0.75564,-0.099176,2.2887
640,-17.827,0.7277,1.0042,1.0084,0.53936,3.3309
641,-35.301,1.3953,0.78725,0.61976,0.030291,2.6439
642,39.552,0.78296,0.9066,0.82192,0.086374,1.6641
643,5.7939,0.8766,0.82826,0.68602,0.72341,3.0935
644,-9.6823,1.3232,0.78318,0.61337,0.54163,2.1787
645,188.99,1.2815,1.0257,1.052,-0.46866,2.8695
646,64.576,1.0263,0.83623,0.69927,0.48991,3.3135
647,-52.368,0.88898,0.78563,0.61721,0.30069,2.1898
648,-44.952,1.1832,1.1001,1.2102,0.62512,2.7666
649,2.8932,1.0959,1.0515,1.1056,-0.13006,2.4892
650,-45.256,1.0836,1.2062,1.4549,0.10448,1.8304
651,-85.697,1.4526,0.88646,0.78582,-0.80276,2.5906
652,-33.64,0.90114,0.94306,0.88936,-0.46564,2.3421
653,40.177,0.59427,0.75417,0.56877,0.0014943,1.806
654,-8.2708,0.89933,0.69484,0.4828,-0.66091,2.4507
655,-113.69,1.4393,0.66144,0.4375,0.31647,1.7376
656,-29.311,0.6015,1.1476,1.317,0.22693,2.1594
657,42.982,1.1479,0.9422,0.88773,0.12752,2.0544
658,0.17181,1.062,0.71391,0.50967,-0.72967,3.84
659,-25.4,1.0083,1.0529,1.1085,0.3941,2.1865
660,10.726,0.87529,1.3159,1.7316,-0.50408,2.3072
661,1.7145,0.57507,0.79555,0.6329,-0.58845,2.7664
662,18.867,0.84297,1.083,1.1729,0.62208,2.4836
663,-24.044,1.5423,0.89651,0.80372,0.74694,4.3239
664,6.2634,0.66841,0.89945,0.80901,-0.013902,2.284
665,-7.6397,0.54946,0.74667,0.55751,-0.70033,3.2153
666,-7.0725,0.82708,0.81524,0.66461,0.38689,2.8663
667,-68.413,1.0313,0.96313,0.92763,-0.179,1.4159
668,80.324,1.44,0.97297,0.94668,-0.26109,1.8858
669,-30.813,0.6836,0.93677,0.87754,0.036537,2.1343
670,123.96,1.1166,1.1694,1.3676,-0.59163,2.8239
671,22.438,0.88447,0.92753,0.86031,0.91394,2.9453
672,34.118,1.0424,0.96386,0.92902,0.11468,2.1767
673,32.697,0.85021,0.70242,0.4934,0.40405,1.9741
674,-61.503,0.78166,1.2313,1.5162,-0.57915,2.0718
675,-122.64,1.725,0.86379,0.74613,0.3544,1.9479
676,19.172,0.39714,0.96477,0.93078,0.65295,2.7419
677,20.351,1.2631,0.73325,0.53765,-0.24324,3.3029
678,-38.794,0.60782,0.8071,0.6514,0.2605,1.7879
679,-102.95,0.97193,1.0047,1.0093,-0.62258,3.86
680,6.232,1.1474,0.93602,0.87613,-0.036632,1.4647
681,21.364,0.65209,0.89512,0.80123,0.22127,2.679
682,-186.41,1.0511,1.345,1.8089,0.4991,2.4627
683,-12.584,0.87265,1.1105,1.2331,0.17558,1.7523
684,-22.598,0.98259,0.843,0.71066,-0.50428,2.0706
685,-126.39,1.0851,1.4175,2.0093,0.6824,2.9148
686,79.287,0.89132,1.031,1.0629,0.13373,1.8161
687,-1.9217,0.91294,0.70038,0.49053,0.12724,2.3846
688,-6.0348,0.85742,1.1081,1.2279,0.042625,2.1124
689,-36.319,0.74815,1.1505,1.3238,-0.039548,2.3128
690,-51.704,1.3043,1.1518,1.3266,0.23024,1.803
691,-9.9624,0.67875,0.99022,0.98054,-0.25148,1.9729
692,-95.044,1.1606,0.88787,0.78831,-0.39961,2.803
693,-27.237,1.1799,0.89276,0.79702,-0.46931,2.4502
694,-35.914,0.96903,1.1334,1.2845,0.17314,1.6624
695,-16.633,1.06,0.98599,0.97217,-0.12522,2.0813
696,-20.453,1.2944,0.96899,0.93895,-0.56848,2.2287
697,-4.6714,1.0108,1.0206,1.0416,-0.41706,2.5555
698,-41.045,0.96575,1.0395,1.0805,0.06275,1.5236
699,-1.8406,0.33415,0.60461,0.36555,-0.28817,3.2115
700,-54.352,0.55462,1.0716,1.1483,-0.65463,2.77
701,55.83,1.0735,1.4041,1.9716,0.78416,2.9678
702,-12.453,1.117,0.87835,0.77149,-0.14444,2.5331
703,-47.135,1.0156,1.2949,1.6767,-0.19895,2.5806
704,-4.033,0.92695,0.8931,0.79763,-0.19065,1.9567
705,-12.215,0.85854,0.98172,0.96377,0.20831,1.985
706,51.6,1.3814,0.88116,0.77643,0.50424,2.2911
707,-78.069,1.2892,0.88131,0.77671,0.64839,3.1983
708,34.048,0.77538,0.79082,0.62539,-0.028777,2.6764
709,-37.212,0.62515,0.95847,0.91867,-0.97071,4.5801
710,16.864,0.99492,0.93452,0.87332,0.85649,3.5558
711,-27.087,1.0544,0.81156,0.65862,0.069106,2.5815
712,-57.431,1.5578,1.15,1.3225,1.0843,3.3576
713,20.679,0.78874,1.1764,1.3839,-0.096413,2.3464
714,46.696,0.96896,1.1759,1.3827,-0.18489,2.9992
715,36.217,0.61293,0.88907,0.79044,-0.060882,2.0968
716,-102.56,1.1834,1.098,1.2057,0.2759,2.6207
717,64.496,1.2971,0.93302,0.87052,0.80919,4.6395
718,41.644,1.2651,1.0501,1.1027,0.1907,2.2206
719,-7.2718,0.72841,1.2945,1.6758,0.15453,2.7029
720,-149.96,1.5397,0.98638,0.97294,0.18475,2.1178
721,1.0472,0.60404,0.99791,0.99581,-0.11782,2.2126
722,138.55,1.3065,1.0629,1.1298,0.81209,4.0173
723,129.41,1.5825,1.0855,1.1784,-0.33703,1.9092
724,-97.648,1.2727,0.99689,0.9938,-0.34956,2.258
725,45.944,1.0079,0.75675,0.57267,-0.61534,2.9924
726,113.61,1.49,1.0919,1.1923,-0.27694,2.091
727,67.038,1.1365,1.2239,1.4979,-0.39971,2.34
728,-9.3478,1.0883,0.98378,0.96783,-0.26933,1.5447
729,-94.316,1.0799,0.98061,0.9616,0.55584,2.7715
730,-54.457,0.83591,0.66152,0.43761,-0.094113,1.9415
731,-58.395,0.98548,1.3364,1.786,0.60899,2.5685
732,11.74,1.4713,0.87944,0.77341,-0.34578,2.2511
733,-51.022,1.0956,0.82754,0.68482,-0.26354,2.5676
734,-87.985,1.0344,1.3838,1.9149,-0.11671,1.8923
735,-127.23,1.2795,1.0209,1.0422,0.019959,2.2708
736,-33.745,0.91289,1.1452,1.3115,0.087222,1.9905
737,-8.1905,1.1992,0.82338,0.67795,-0.35704,2.5542
738,-68.862,1.0038,1.215,1.4762,-1.3126,4.4261
739,12.558,0.51691,0.94744,0.89765,-0.2227,2.3031
740,97.608,0.57534,1.0532,1.1091,0.0030576,1.5011
741,25.075,1.1458,0.6823,0.46553,-0.34182,2.4815
742,55.374,0.92589,0.9103,0.82864,1.0817,3.9776
743,-12.53,0.5675,0.7889,0.62237,0.22658,1.5653
744,-35.587,1.0239,0.87644,0.76815,0.27751,3.0558
745,-41.128,1.2239,0.9962,0.99241,0.015222,2.2097
746,-17.219,0.49577,0.74673,0.55761,0.25442,2.1098
747,-95.039,0.94703,1.3845,1.9167,-0.19611,1.9035
748,-0.82223,0.89679,0.82665,0.68336,0.3524,1.8496
749,-50.511,1.1462,0.62476,0.39033,-0.074265,2.089
750,35.843,0.97202,0.98172,0.96377,0.10865,2.7095
751,-73.922,0.83167,1.1891,1.4139,0.7254,3.3355
752,140.87,1.3293,1.3437,1.8054,-1.152,3.7166
753,82.484,1.0737,1.1245,1.2646,0.10022,2.3487
754,-65.359,0.87442,0.97113,0.94309,1.7085,5.2863
755,14.517,1.0216,0.82954,0.68813,1.0338,3.3081
756,-46.301,0.66265,1.0863,1.18,0.46297,2.1056
757,-18.641,1.2982,0.77887,0.60664,-1.363,5.0973
758,64.754,1.8559,1.0995,1.209,-0.064293,2.4046
759,1.4459,1.1506,0.95038,0.90322,0.39973,2.3932
760,82.782,1.6642,0.97256,0.94587,-0.785,2.9826
761,-25.582,0.85713,0.89122,0.79428,-0.26488,1.6954
762,31.486,1.3744,1.2956,1.6786,-0.002854,1.8732
763,1.9673,1.3146,0.69958,0.48941,0.31678,2.3296
764,90.99,0.63794,1.356,1.8388,-0.49563,3.5407
765,60.186,0.60217,1.5045,2.2635,-0.45704,2.6663
766,-23.299,1.0278,0.84357,0.71161,-0.57629,1.9622
767,36.397,1.1692,1.2535,1.5712,-0.26224,1.7679
768,37.172,1.1087,0.72512,0.5258,0.058842,1.7091
769,-24.801,0.58267,1.1293,1.2754,-0.090579,1.9222
770,-98.602,1.499,1.1874,1.41,-0.60524,2.3083
771,14.771,0.89371,1.0102,1.0205,-0.62838,2.1896
772,35.505,1.0526,0.5906,0.34881,0.7354,3.2082
773,13.316,0.97607,1.0289,1.0586,0.24074,2.6965
774,-53.467,1.0979,0.96726,0.9356,0.34107,2.6467
775,-24.018,0.56946,0.83734,0.70114,-0.73943,3.4419
776,13.649,0.80678,0.90505,0.81911,-0.22293,2.381
777,76.025,0.81223,1.1653,1.358,-0.18562,1.8046
778,-31.195,0.64208,0.89938,0.80889,-0.83337,2.4756
779,30.875,0.75972,1.0203,1.041,-0.41871,2.0761
780,1.0555,0.69594,0.9555,0.91298,0.17734,1.5599
781,18.6,0.54809,0.7595,0.57683,-1.0162,4.1619
782,79.439,0.96798,0.95872,0.91915,-0.027497,2.1868
783,-173.21,0.80476,1.1392,1.2977,-0.060134,5.2362
784,201.74,1.2504,1.5723,2.472,-0.32004,3.3167
785,-14.978,0.99073,0.92722,0.85975,0.47911,3.1871
786,28.821,1.2862,0.85902,0.73791,0.021715,2.2798
787,40.344,0.82329,1.2459,1.5522,-0.56125,2.3324
788,38.543,0.91353,0.62018,0.38462,-0.23525,2.0827
789,-48.491,1.1735,0.53823,0.28969,0.2273,1.8582
790,9.0022,0.89824,0.88981,0.79176,-1.4033,5.2688
791,16.498,0.86798,1.3257,1.7576,1.0506,5.448
792,10.497,0.58911,1.141,1.3019,0.26983,2.44
793,-5.5011,0.85625,1.0923,1.1932,-0.45407,2.8581
794,90.455,1.1502,0.89326,0.79792,0.27032,2.2536
795,7.0987,0.68008,1.1407,1.3013,1.0218,2.6812
796,-54.151,1.222,0.63523,0.40352,0.4549,2.7178
797,0.31393,0.90052,0.81061,0.65709,0.19131,1.7225
798,-38.33,1.0873,0.64409,0.41485,0.49425,2.2412
799,-6.8455,0.65428,1.2578,1.5822,0.39906,2.694
800,7.1987,1.0788,0.87581,0.76704,0.75571,2.5145
801,-63.611,0.82597,1.0142,1.0287,-0.40554,2.0153
802,77.783,1.193,1.1558,1.336,0.037848,2.0907
803,-68.27,0.67244,1.1455,1.3123,-0.6524,2.916
804,-38.811,1.551,0.80424,0.6468,0.12148,1.5923
805,4.7703,0.53153,1.2159,1.4784,-0.14466,1.8775
806,111.41,0.97786,1.0243,1.0493,0.18083,1.8673
807,-58.505,1.0234,0.84492,0.71389,-0.14439,2.0408
808,6.2795,1.0884,0.87438,0.76454,0.41887,1.9259
809,20.727,0.41036,0.83274,0.69346,0.31724,2.7797
810,3.4614,0.89145,0.72541,0.52621,-0.29909,2.0187
811,-45.816,1.0983,1.0243,1.0492,0.11058,2.3737
812,-89.977,0.99108,1.1508,1.3244,-0.2878,2.2945
813,-15.736,0.99497,0.7853,0.61669,0.64462,3.1466
814,0.34205,1.182,0.98831,0.97676,-0.47406,1.8409
815,-131.35,1.2569,1.2814,1.6419,-0.82886,3.5703
816,-88.329,1.6419,1.4026,1.9672,0.27086,2.2044
817,27.109,0.69293,1.225,1.5005,-0.28514,2.8499
818,-2.0116,0.63085,1.1701,1.3692,0.31712,1.8903
819,4.9836,1.1468,1.0266,1.0538,-0.042737,2.2551
820,10.048,1.0963,0.87443,0.76462,-0.74461,2.8668
821,53.751,0.96933,0.96686,0.93481,0.38125,2.1406
822,31.091,0.98229,0.89303,0.79751,0.11783,1.8603
823,-24.165,0.99772,0.76032,0.57808,0.36518,2.4822
824,57.035,0.83398,1.0593,1.1222,-0.8453,3.0939
825,41.529,0.79897,0.89565,0.80219,-0.68292,2.8732
826,-20.78,0.63987,0.77154,0.59527,-0.69007,2.4594
827,-51.222,1.322,0.70344,0.49483,-0.30522,2.1785
828,27.591,0.69593,0.95936,0.92037,-0.20472,1.893
829,-4.2824,0.72419,1.2296,1.5119,-0.18731,2.1761
830,-10.197,0.84403,1.1731,1.3762,0.0025534,2.7458
831,10.075,1.1163,1.0734,1.1521,0.52494,2.0925
832,-21.973,1.0641,1.0071,1.0142,-0.053464,1.8634
833,-24.606,1.2354,0.78591,0.61765,-0.46546,2.5966
834,31.546,0.84017,0.70823,0.50159,0.84667,2.8166
835,109.84,0.81723,0.93821,0.88023,0.29611,1.6619
836,90.201,0.98411,1.0658,1.136,0.21317,1.7545
837,-20.107,1.2729,0.89533,0.80161,-0.29909,1.9601
838,-20.029,1.273,1.1225,1.26,-0.2075,2.7253
839,-33.318,1.3072,0.67989,0.46225,0.29522,1.9365
840,-62.97,0.96369,1.394,1.9431,0.048533,1.7153
841,5.397,1.0914,0.98294,0.96617,-0.60984,2.7623
842,34.309,1.0519,0.58745,0.3451,-0.10528,1.5778
843,34.568,0.50196,0.9672,0.93548,-0.29888,2.005
844,40.51,0.60193,0.92174,0.84961,-0.30365,2.1624
845,148.64,0.77401,1.2537,1.5717,-0.26929,3.4027
846,51.973,0.90113,1.0198,1.0399,0.63274,2.1737
847,34.965,0.60773,0.90493,0.81889,0.43802,1.9461
848,-109.95,1.5009,1.1077,1.2271,0.21747,1.951
849,-41.662,0.97328,1.1103,1.2328,-0.082991,1.9195
850,50.997,1.1957,0.76761,0.58923,0.70319,2.1872
851,168.69,1.0226,1.169,1.3665,-0.31852,2.2688
852,66.29,0.92571,0.81172,0.6589,-0.8349,3.4993
853,20.944,0.76248,0.63604,0.40455,0.015859,1.8656
854,23.241,1.0099,0.8071,0.65142,-0.22158,1.947
855,-19.534,0.81869,1.0478,1.0979,-0.29856,2.5162
856,0.23596,0.71813,0.71807,0.51563,-0.70385,3.8214
857,95.682,1.205,0.81103,0.65777,-0.11697,1.6314
858,3.604,1.2756,1.0585,1.1204,0.12768,2.6174
859,31.747,1.1942,0.90723,0.82307,-0.47991,2.4564
860,-4.5167,0.95359,1.0755,1.1567,-0.4974,2.1128
861,-17.287,1.0022,1.1048,1.2207,0.25524,2.5526
862,29.596,0.94002,0.83349,0.6947,0.077703,2.1306
863,35.492,0.61742,1.0163,1.0328,-0.3207,2.4331
864,68.435,1.2599,0.82413,0.67919,-0.093921,1.7984
865,-8.0698,0.92099,1.1165,1.2466,0.14321,1.8077
866,-9.2755,0.71652,0.9544,0.91088,1.3968,5.3564
867,144.61,1.2366,1.1993,1.4383,-0.28256,1.9939
868,-23.195,1.4349,0.95082,0.90407,0.40797,2.4017
869,1.7632,0.83664,0.87934,0.77324,0.5579,3.6586
870,23.377,0.75528,0.74915,0.56123,-0.45954,1.9924
871,-60.892,1.1714,1.2011,1.4426,0.037456,1.9896
872,-112.34,0.82754,1.033,1.067,0.072238,2.38
873,-16.924,0.85201,0.7974,0.63585,0.476,2.6049
874,2.3939,0.67639,1.1112,1.2348,1.249,4.1074
875,-13.388,1.3764,0.64956,0.42193,-0.1241,2.1804
876,-70.796,1.2088,0.89213,0.79589,-0.36154,3.6624
877,35.414,0.95495,1.103,1.2166,0.8818,4.5937
878,-10.877,0.9262,0.77104,0.5945,0.044237,2.325
879,48.706,1.058,0.98908,0.97829,-0.063015,1.5266
880,-35.626,0.79875,0.79412,0.63063,0.7525,2.7529
881,43.202,0.7658,0.90864,0.82562,0.21,2.1217
882,55.204,1.5038,1.1239,1.2633,0.28933,1.9977
883,32.049,1.1936,0.82067,0.67351,0.10028,2.1552
884,-54.346,0.96518,1.3729,1.8849,-0.21835,4.0032
885,131.72,1.2206,1.0917,1.1919,0.20427,1.9727
886,24.631,1.1571,1.2584,1.5835,0.31777,2.5855
887,23.35,1.116,1.0744,1.1543,-0.37526,2.7059
888,43.67,1.5125,0.63497,0.40319,-0.71859,3.4607
889,-27.63,1.2821,0.83525,0.69764,-0.14654,1.9116
890,20.799,1.1992,0.99806,0.99612,0.37715,3.919
891,-36.94,1.0146,0.99831,0.99662,-0.51245,2.7606
892,-51.408,0.8796,0.91437,0.83607,-0.11036,1.8381
893,16.875,1.7284,0.84784,0.71884,-0.43691,2.4062
894,11.597,1.3027,0.97496,0.95055,-0.16232,2.8458
895,-27.792,1.5255,1.2106,1.4654,1.0258,2.865
896,11.393,1.4322,0.59392,0.35274,-0.81776,2.8402
897,1.0671,0.74707,1.0558,1.1147,-0.76462,2.8375
898,15.792,0.62613,0.93511,0.87443,-0.0072133,2.4162
899,-53.07,1.0852,0.97641,0.95338,0.45566,2.7454
