Id,y
900.0,190.97338084602322
901.0,58.22163306968778
902.0,-69.25028565731499
903.0,-11.668379810858502
904.0,-45.03550254937017
905.0,-30.355399735629696
906.0,56.77100054368739
907.0,16.25144398353403
908.0,-56.541749176689095
909.0,256.58563396307085
910.0,114.58640744980283
911.0,-104.9267041969833
912.0,8.053954671855
913.0,-4.779531796557004
914.0,-8.895775883486456
915.0,21.11342128030185
916.0,-43.32719556597743
917.0,-65.07715373155105
918.0,52.17648716099366
919.0,-5.594618846325041
920.0,105.62035804766639
921.0,125.66575846134822
922.0,75.23361225159229
923.0,10.012207745161378
924.0,14.953376425271832
925.0,2.3402698916231106
926.0,-35.16148962728314
927.0,11.108706871025323
928.0,-37.39269319440728
929.0,-74.26171888317313
930.0,39.79998516756632
931.0,35.9320886844106
932.0,73.6605792956
933.0,-69.61479298517351
934.0,14.17417142398663
935.0,39.894468805637146
936.0,-51.440560451616896
937.0,-9.579657490504081
938.0,-2.716563256855215
939.0,24.675373814990536
940.0,50.65009126884042
941.0,-12.913975834730596
942.0,-17.193991670980985
943.0,96.71268497951039
944.0,8.32387560549062
945.0,-32.87291321312509
946.0,51.087514918806775
947.0,28.09007319711133
948.0,-76.32623422777418
949.0,-21.183326963525687
950.0,50.93659112153478
951.0,-4.090581875069065
952.0,48.72914341027401
953.0,16.40198245981008
954.0,73.41603545717783
955.0,-23.910765801887692
956.0,84.1745148501436
957.0,-8.56062486016696
958.0,-61.478122946568774
959.0,-4.36899719797387
960.0,-43.34181728600175
961.0,-49.893873704345395
962.0,29.396667584820378
963.0,-19.929280773927147
964.0,-36.43971205364861
965.0,90.70830435425663
966.0,-45.567277595436856
967.0,-1.8609252894971124
968.0,15.918255560418084
969.0,21.01887085870017
970.0,-64.70662985974553
971.0,44.892551865589446
972.0,12.56384056468611
973.0,-69.58054885106891
974.0,65.6267178991946
975.0,-35.01716029316669
976.0,-93.28217981782423
977.0,-18.895850366082428
978.0,29.045228963914397
979.0,-33.05911658840062
980.0,88.94998164486296
981.0,-121.93478319454603
982.0,-39.13300254007104
983.0,39.19183735043042
984.0,47.29039065147107
985.0,-20.817939276201635
986.0,27.94069946041354
987.0,-39.914959260260154
988.0,28.950276638522773
989.0,89.31121184668795
990.0,-7.994782133994173
991.0,-3.057971550516589
992.0,-43.90739445213912
993.0,59.53878135125074
994.0,-40.58728140478819
995.0,-9.538918460724707
996.0,78.62709247549867
997.0,-19.912126316111838
998.0,-0.5031578209478944
999.0,-0.4768759047270139
1000.0,-8.683964880368643
1001.0,68.52300968582257
1002.0,-50.34019724465679
1003.0,-1.5745583315608265
1004.0,-7.315721959326249
1005.0,18.17291931426945
1006.0,8.0632828975396
1007.0,47.87652550148502
1008.0,-98.06966491393447
1009.0,12.818268593150142
1010.0,140.16718655167608
1011.0,-17.677112630794188
1012.0,-58.395600106080096
1013.0,-67.14377766548787
1014.0,-42.790668082257895
1015.0,43.640191004276026
1016.0,-15.076427346421628
1017.0,-104.32626774425235
1018.0,2.537571945124615
1019.0,-19.002493392203895
1020.0,-61.95922941928883
1021.0,-3.956510693359757
1022.0,-7.15832782551562
1023.0,-2.443876685901966
1024.0,-42.73944364071854
1025.0,-46.16854304296285
1026.0,-66.12138152804569
1027.0,37.9893825160409
1028.0,58.306117705858696
1029.0,40.5113762187176
1030.0,-37.43989496686233
1031.0,18.01276131982577
1032.0,48.397426315743715
1033.0,-47.907129701808486
1034.0,-83.00375772832635
1035.0,-0.6406936812117507
1036.0,17.995592605460836
1037.0,4.911804678252348
1038.0,-13.351939655232348
1039.0,102.04446006173423
1040.0,-44.93073085421108
1041.0,43.45681327728411
1042.0,33.74562161731126
1043.0,17.18570394576861
1044.0,-30.574105022951876
1045.0,-0.9016830324981271
1046.0,7.3607668224910885
1047.0,-10.288273081843542
1048.0,-18.950738019680912
1049.0,-48.168150931198674
1050.0,-15.51410129024013
1051.0,-38.017668106014966
1052.0,-65.30674229003228
1053.0,7.613203941566061
1054.0,16.435519692699238
1055.0,-9.514481327151419
1056.0,-153.63972861101735
1057.0,-15.96981248203859
1058.0,-52.38401025480456
1059.0,87.1843329607247
1060.0,36.24058992214067
1061.0,-27.19886993016346
1062.0,43.372775163799574
1063.0,10.95790894028847
1064.0,6.912925077827632
1065.0,-16.0062023352041
1066.0,82.39728203164096
1067.0,-48.62909993146363
1068.0,44.94593417894818
1069.0,111.19696773985345
1070.0,27.052221047806384
1071.0,-21.25941429165571
1072.0,-38.13755807046009
1073.0,164.80791043684445
1074.0,5.183693939351828
1075.0,33.515619533967445
1076.0,-40.92888797281648
1077.0,75.27234690529792
1078.0,-87.4344212190962
1079.0,-1.4012083491742455
1080.0,-5.103237449051088
1081.0,44.059060567202884
1082.0,2.077593222894471
1083.0,-13.52568393582543
1084.0,41.21793561604697
1085.0,24.64300067316504
1086.0,3.0023002422940195
1087.0,62.87066827312992
1088.0,9.979605316569
1089.0,76.69125600949394
1090.0,-52.43973456513081
1091.0,-8.380502933986916
1092.0,-98.07134296899605
1093.0,-55.13800074086555
1094.0,-25.31480350874351
1095.0,64.64144820376892
1096.0,-2.199418734867672
1097.0,4.189645729110319
1098.0,21.94529090740175
1099.0,26.938839772907727
1100.0,78.23235190554766
1101.0,26.229049661469723
1102.0,-31.104246074924575
1103.0,54.102657926155224
1104.0,-1.9122813307872422
1105.0,8.049261727261085
1106.0,8.14518213839949
1107.0,63.59706513386479
1108.0,14.826513721435616
1109.0,66.25478644362366
1110.0,-56.90743956105529
1111.0,-18.099186870510266
1112.0,-20.264311044442564
1113.0,-100.49262593179006
1114.0,54.47392297006408
1115.0,-95.52610322944221
1116.0,65.47069777194919
1117.0,-15.733849660731872
1118.0,-39.447538323545686
1119.0,9.47153148962566
1120.0,1.9624669012405356
1121.0,12.77791999137448
1122.0,25.39721912588049
1123.0,-21.290733601397676
1124.0,16.507112534544632
1125.0,179.7836522889505
1126.0,-8.953179384297377
1127.0,69.6390948327407
1128.0,-29.26659176253024
1129.0,28.407301579348456
1130.0,-8.951592121322742
1131.0,-56.791839145722776
1132.0,29.46708673094156
1133.0,-36.243640508690696
1134.0,8.47731741445906
1135.0,-29.464718986583506
1136.0,-0.8589222915793311
1137.0,218.2094174497258
1138.0,-24.10508543707568
1139.0,-46.08519038558978
1140.0,89.40426824089879
1141.0,50.131734364485354
1142.0,-14.426222924394468
1143.0,122.7679784124833
1144.0,-9.417628202503733
1145.0,-27.446752926546104
1146.0,-57.79753086684376
1147.0,28.07456041844798
1148.0,187.9656469560536
1149.0,25.46623096960687
1150.0,6.788017177259421
1151.0,6.337011436316361
1152.0,-13.8317946894306
1153.0,40.770559051576384
1154.0,-19.104465230037718
1155.0,-15.683311015088824
1156.0,-2.306904884503121
1157.0,74.79422990772431
1158.0,-18.557419332847076
1159.0,10.914863274227548
1160.0,-87.4044411249823
1161.0,-71.75967841036959
1162.0,-10.835923555290771
1163.0,10.823426971431
1164.0,36.77933930470782
1165.0,47.51698471275565
1166.0,3.8948947475849334
1167.0,62.995411556080086
1168.0,-2.46657919676964
1169.0,-72.46351728601473
1170.0,57.16600274964356
1171.0,83.11346568699847
1172.0,61.53001988215085
1173.0,39.14702912152018
1174.0,-169.202304132508
1175.0,14.1921250660239
1176.0,-86.87024507472023
1177.0,-25.95058575561025
1178.0,156.19450534889393
1179.0,144.44369121778468
1180.0,-33.7432119126339
1181.0,63.34320848544931
1182.0,-18.97300830969892
1183.0,55.58666061510009
1184.0,32.53377958328656
1185.0,126.40090792572005
1186.0,1.891037190623864
1187.0,-45.86512164380478
1188.0,-23.60921199881674
1189.0,-54.15782226358512
1190.0,156.2074459934452
1191.0,15.852390978581683
1192.0,-0.6659593477461883
1193.0,150.30370457855417
1194.0,-8.56632249012045
1195.0,82.19745786869231
1196.0,68.09455805891409
1197.0,5.010000087473282
1198.0,4.148342790791666
1199.0,111.53677982010723
1200.0,21.832073810179843
1201.0,18.584421604154556
1202.0,24.340396021253007
1203.0,17.44958711811337
1204.0,61.44181502245772
1205.0,42.835142098614945
1206.0,25.731696302292477
1207.0,172.47807652244563
1208.0,-16.94874618852088
1209.0,34.87261989363253
1210.0,2.2721075092005574
1211.0,-16.215538673179346
1212.0,83.79963764776232
1213.0,22.69377175787877
1214.0,2.6506476513624424
1215.0,75.09103779481039
1216.0,90.86303269777946
1217.0,301.37906903599685
1218.0,9.115276666713386
1219.0,15.270252757435967
1220.0,22.715105360078574
1221.0,22.114358266059213
1222.0,129.2257849300062
1223.0,-14.750476433976939
1224.0,-34.032572384188384
1225.0,66.02509623849788
1226.0,54.225937152344855
1227.0,-78.40068233560484
1228.0,-63.7000442364987
1229.0,46.413543591311864
1230.0,-1.4233040108989297
1231.0,12.488114750785018
1232.0,74.54034205923992
1233.0,-21.87755136676256
1234.0,127.76907520463388
1235.0,-122.38385368140695
1236.0,60.94087203236372
1237.0,-11.012799926552702
1238.0,-16.54015044512515
1239.0,249.680573727425
1240.0,107.25989512460518
1241.0,-153.78245923355928
1242.0,19.343916760605957
1243.0,-43.969450002959974
1244.0,-4.375001571675357
1245.0,24.480391685274114
1246.0,-1.283249674915199
1247.0,110.59527256458782
1248.0,-10.30854748450068
1249.0,51.92751720169326
1250.0,48.77673064989957
1251.0,-36.213732842700516
1252.0,-27.348632640812347
1253.0,12.273091591158904
1254.0,7.186024685465059
1255.0,79.41006448208576
1256.0,-8.849519519793638
1257.0,76.25909604522614
1258.0,-0.266243813380882
1259.0,67.52579741064781
1260.0,-5.094035452189986
1261.0,-34.548646137874236
1262.0,-42.25379273660007
1263.0,-28.151406462187786
1264.0,-4.105923066611675
1265.0,-22.96594389189835
1266.0,-37.33417006489579
1267.0,-32.1982928133976
1268.0,5.214568509941545
1269.0,10.866676092604854
1270.0,-1.069013079899844
1271.0,23.1701198914946
1272.0,75.1655743374279
1273.0,-8.294571939875171
1274.0,16.438283733220132
1275.0,-3.461975942222691
1276.0,43.09253156442414
1277.0,-29.966587697700156
1278.0,18.157788726324235
1279.0,-59.13213359496226
1280.0,-119.67403242483059
1281.0,133.7275380322697
1282.0,-39.43612697207088
1283.0,107.41111016406073
1284.0,39.61532635970937
1285.0,23.444301143610822
1286.0,-43.20205292797549
1287.0,18.376355072510513
1288.0,-1.4948507119190193
1289.0,9.112758416986635
1290.0,27.393340336500017
1291.0,62.741494571386724
1292.0,26.903879023780092
1293.0,8.49998324511517
1294.0,69.90687454783665
1295.0,-6.857564202795171
1296.0,-76.33888417026003
1297.0,-0.7664337946073321
1298.0,0.2244089698253351
1299.0,62.865344953490705
1300.0,-40.70897702699576
1301.0,53.15494427229008
1302.0,48.16398915830419
1303.0,-13.049152267519734
1304.0,-38.05239039622005
1305.0,-37.72242571914467
1306.0,-79.5951340126153
1307.0,10.068115057778938
1308.0,5.8493526088442405
1309.0,-28.921611235657487
1310.0,149.15848317611542
1311.0,-31.40897970381903
1312.0,98.64599542277769
1313.0,-4.6198447817039785
1314.0,175.42205263741442
1315.0,-16.275351114364323
1316.0,3.8373891559203344
1317.0,11.885123578826986
1318.0,-47.62212655525745
1319.0,-14.622367848311761
1320.0,-13.856539379247662
1321.0,93.00095988663625
1322.0,-60.74767912267022
1323.0,57.35240348450382
1324.0,-59.804566897358946
1325.0,-85.96326828435387
1326.0,-10.783407827452809
1327.0,30.716679814038116
1328.0,71.54570426253844
1329.0,-0.7828642767565892
1330.0,-11.093864626166411
1331.0,49.567086777379515
1332.0,10.555829061987376
1333.0,-26.443770784323164
1334.0,-12.602656621917609
1335.0,62.47188369249366
1336.0,-12.931203483621386
1337.0,-69.23680915215341
1338.0,6.016302155765649
1339.0,23.20621394165442
1340.0,-19.656803096069275
1341.0,-12.047915001585386
1342.0,39.24945007790899
1343.0,148.44782198803685
1344.0,-1.4723475633720602
1345.0,-4.3065912817470124
1346.0,-38.812050733720035
1347.0,143.07260108852446
1348.0,135.9117051491512
1349.0,75.6683303967018
1350.0,22.369068169490667
1351.0,-72.02260003130634
1352.0,-0.7956953878975188
1353.0,-10.988823773980004
1354.0,19.01246848940381
1355.0,22.36350541202912
1356.0,141.88581909735788
1357.0,64.04740923159291
1358.0,-12.892952125550382
1359.0,-72.34178681916835
1360.0,-9.020210550000915
1361.0,68.99107335648652
1362.0,-18.282324896537332
1363.0,29.17650538975836
1364.0,-78.96431908250895
1365.0,-56.710012979947244
1366.0,-40.975955556157956
1367.0,-44.302310761773526
1368.0,35.50196357640136
1369.0,-5.256902744495776
1370.0,-95.34113968231189
1371.0,162.94167261584894
1372.0,101.88101048484924
1373.0,53.69665463060113
1374.0,50.74078989976441
1375.0,47.35943663023244
1376.0,179.35348711276347
1377.0,-69.90802947693089
1378.0,-43.81049390269573
1379.0,21.588701059187883
1380.0,50.23260957000427
1381.0,40.32226671798321
1382.0,-4.774495903447567
1383.0,-30.147976906596938
1384.0,137.07585944212653
1385.0,-20.424410493297387
1386.0,-113.15290997779836
1387.0,-53.06658518180352
1388.0,12.736314645090902
1389.0,-3.191221731943129
1390.0,41.671954154968425
1391.0,6.44705007891311
1392.0,41.780416679704466
1393.0,-4.392122438895655
1394.0,-32.68999118337519
1395.0,-61.059128463487525
1396.0,137.08552487008652
1397.0,168.73686491545382
1398.0,-16.474318029273952
1399.0,-10.895867460082235
1400.0,64.37743404336808
1401.0,-2.706662692055674
1402.0,-69.83968525408815
1403.0,-15.301329392779557
1404.0,-26.977436963752538
1405.0,86.97934426442788
1406.0,26.967746641070143
1407.0,-14.255386062084115
1408.0,-45.99097308196381
1409.0,-3.3756810865050806
1410.0,124.33352951119437
1411.0,-15.888328810109781
1412.0,-49.63257882023558
1413.0,53.87682716994899
1414.0,28.287283721168812
1415.0,32.08286949656239
1416.0,-30.55212584527999
1417.0,-69.03977231629472
1418.0,-5.882151418902986
1419.0,-6.224609158188981
1420.0,11.111607071223581
1421.0,-1.4492504988735302
1422.0,56.141183345437746
1423.0,-117.47008317527225
1424.0,-32.59124960987353
1425.0,120.25037949562159
1426.0,-71.15382268264614
1427.0,123.86309630111676
1428.0,7.491152586846162
1429.0,23.74859654165502
1430.0,30.488976847641098
1431.0,-18.502081294127336
1432.0,-95.75705344140204
1433.0,22.19479503754804
1434.0,33.881761279338555
1435.0,6.636448587695936
1436.0,21.62302412573623
1437.0,38.37234422921755
1438.0,41.290424748738886
1439.0,-55.479461698598115
1440.0,17.027868386023577
1441.0,3.989535317499767
1442.0,10.164215283398354
1443.0,-11.32074513001149
1444.0,-18.124810048313194
1445.0,90.85731885687875
1446.0,-17.741845764287426
1447.0,-16.560326090668717
1448.0,34.91331824240907
1449.0,10.829385857711472
1450.0,44.459195603293054
1451.0,30.42522339364067
1452.0,7.693666270392077
1453.0,-106.84039369365843
1454.0,-33.20287370408126
1455.0,21.316534652055807
1456.0,45.690020224276026
1457.0,97.21372918528618
1458.0,25.267740203403015
1459.0,49.35296320569675
1460.0,68.075799549159
1461.0,-18.767348131633604
1462.0,-85.25656178961363
1463.0,-92.99496911372177
1464.0,-14.71629849095269
1465.0,13.010330498258975
1466.0,-14.15419161837309
1467.0,20.804458041334108
1468.0,-29.999541327351544
1469.0,-4.19200319927438
1470.0,72.68039369498032
1471.0,-80.50503914907014
1472.0,16.67976880950539
1473.0,-13.820245383280007
1474.0,-53.60675257407153
1475.0,-182.52172978788357
1476.0,64.11914520359376
1477.0,-38.2344642409698
1478.0,-43.97723311398209
1479.0,9.665926676514148
1480.0,-23.740889719879405
1481.0,29.46898972095272
1482.0,-53.432162855481494
1483.0,37.48950044962435
1484.0,14.567970002993983
1485.0,9.206027905870135
1486.0,-12.09052518206672
1487.0,-72.14230284357933
1488.0,-36.424412010895864
1489.0,2.182811164267921
1490.0,-35.033122234487955
1491.0,24.880412715373694
1492.0,-17.98857905769298
1493.0,-10.364677264245314
1494.0,-8.452282900107063
1495.0,26.805373003303146
1496.0,2.702509972126955
1497.0,20.077922319157054
1498.0,110.17932992823911
1499.0,-23.536033740279144
1500.0,-0.1520421226153683
1501.0,-67.16903365305305
1502.0,14.196471212854506
1503.0,70.79987640883485
1504.0,-16.86855710770123
1505.0,55.41025967256621
1506.0,-3.6895381748588765
1507.0,-40.44915252127665
1508.0,3.835252378576463
1509.0,-43.816691754602694
1510.0,-31.512240561222065
1511.0,88.21562042558858
1512.0,-38.24856810114207
1513.0,8.44699345301312
1514.0,71.6258513118906
1515.0,9.440004291828764
1516.0,17.078360401662053
1517.0,55.02518969160474
1518.0,-5.410223063364546
1519.0,55.19748466553829
1520.0,-80.11334036136002
1521.0,78.15433303121544
1522.0,-52.23490093043877
1523.0,-53.57679526943306
1524.0,-16.682773389503694
1525.0,41.22755180530792
1526.0,39.714499893879406
1527.0,20.607336598205563
1528.0,8.528624863895285
1529.0,16.49469855079886
1530.0,-0.0175316382571733
1531.0,201.92656988723172
1532.0,-15.770684489000237
1533.0,-34.80289813494138
1534.0,31.668024459019378
1535.0,-2.812022732105543
1536.0,-43.14121915076886
1537.0,20.887942746146216
1538.0,40.93723970325428
1539.0,5.554372299943207
1540.0,24.21576135421529
1541.0,31.5164540970003
1542.0,-30.620475835386195
1543.0,54.4592665402953
1544.0,-2.9213272581621137
1545.0,-72.38272800348786
1546.0,20.704579376951997
1547.0,-1.2377986378696182
1548.0,77.72868862650392
1549.0,45.004797462019745
1550.0,37.10025190553264
1551.0,-44.21838438111994
1552.0,56.10020049717896
1553.0,-20.30057416567631
1554.0,-67.97525795053602
1555.0,0.3011847367715088
1556.0,41.73362766407854
1557.0,6.990316527762433
1558.0,-56.933991335008905
1559.0,148.5073312792162
1560.0,20.505187681771964
1561.0,-44.26472625998121
1562.0,67.9268591561971
1563.0,-82.4882206012121
1564.0,-19.527966616108415
1565.0,84.8437227324666
1566.0,1.5646199040687403
1567.0,15.072298467098983
1568.0,24.675450993395167
1569.0,28.42054869668496
1570.0,-3.8325845148300868
1571.0,-35.20563792629103
1572.0,-71.56030510580419
1573.0,-29.73393499452196
1574.0,-18.2837832201208
1575.0,12.496006349057929
1576.0,23.768855174927417
1577.0,-34.622639045012484
1578.0,23.520257415898485
1579.0,-0.23101774625185456
1580.0,167.42617542094928
1581.0,55.86562924890303
1582.0,52.61819649353572
1583.0,-19.329898706299176
1584.0,1.0003743998686714
1585.0,-68.94505784001706
1586.0,57.09722543385522
1587.0,54.643853723931464
1588.0,-37.43854173701458
1589.0,43.34371953069018
1590.0,-18.378902858124597
1591.0,-18.083332904243193
1592.0,-2.46504288658305
1593.0,-51.49944134901427
1594.0,5.7575203993075394
1595.0,20.046277457018952
1596.0,23.00787911064429
1597.0,55.23585305865239
1598.0,0.5812802180977727
1599.0,2.1386913198400723
1600.0,-1.7006503666117965
1601.0,-6.574983401760202
1602.0,5.599244606345595
1603.0,0.22082570049435368
1604.0,210.6074831157704
1605.0,-12.131184965087302
1606.0,-18.09102802147038
1607.0,-5.478233591488907
1608.0,26.617835338516485
1609.0,-4.012644500225621
1610.0,6.28352571159882
1611.0,11.678614560007283
1612.0,49.51250541517999
1613.0,13.326506410636101
1614.0,153.4589738777533
1615.0,-78.43882137279166
1616.0,20.813387428994808
1617.0,74.45879502233635
1618.0,-88.26581739086113
1619.0,100.5816737201712
1620.0,10.23602413433561
1621.0,45.56881146226274
1622.0,14.884861097624226
1623.0,-49.03896006783595
1624.0,77.05019209962637
1625.0,8.642771720835693
1626.0,-71.33732202054631
1627.0,-56.65933727479145
1628.0,-39.12691935064849
1629.0,-65.45837603034559
1630.0,-24.6023584088056
1631.0,41.70813256740156
1632.0,-22.13117926895523
1633.0,-41.559099112426345
1634.0,-4.724768858660815
1635.0,115.44201551441168
1636.0,104.35189632904279
1637.0,83.55839156637887
1638.0,-85.03857149217603
1639.0,6.36359680320613
1640.0,9.00111247348979
1641.0,52.86889520859774
1642.0,-39.732994861610734
1643.0,-30.137323479927296
1644.0,-10.402838066102014
1645.0,28.952580118066123
1646.0,-26.880223827730056
1647.0,54.06969961586056
1648.0,58.24353017601191
1649.0,104.54316454145217
1650.0,-6.603250771855018
1651.0,37.25845234168466
1652.0,51.56056366733054
1653.0,-13.799866262714458
1654.0,20.266110598633695
1655.0,4.061947899138358
1656.0,12.813253567390143
1657.0,-30.999547915946792
1658.0,54.21688781390999
1659.0,3.5104148540419224
1660.0,-15.50048593275651
1661.0,36.24376098060404
1662.0,-40.77589611183406
1663.0,24.761094834630455
1664.0,46.111657479914854
1665.0,0.512818513403845
1666.0,-114.1113159379369
1667.0,-60.23708539583738
1668.0,-50.869751236892384
1669.0,19.147558987845507
1670.0,-17.087005556276765
1671.0,115.97349439562717
1672.0,32.09122088385339
1673.0,16.804333722363864
1674.0,1.005562929210054
1675.0,-58.87975071928952
1676.0,-17.88088898596138
1677.0,24.417939154816764
1678.0,-10.797561311387325
1679.0,80.95809791221997
1680.0,-57.39695986073889
1681.0,21.778436219811624
1682.0,-3.705450398266146
1683.0,87.96505116436063
1684.0,141.95743703224147
1685.0,-55.60681371274688
1686.0,99.62995368124568
1687.0,48.31162210739573
1688.0,94.05632462435963
1689.0,-4.277603392130114
1690.0,-44.886988216981635
1691.0,-35.151093002880415
1692.0,106.41910105699327
1693.0,78.54378057739773
1694.0,153.2053227336646
1695.0,52.398066913988
1696.0,-20.88200563164088
1697.0,308.5832488762137
1698.0,53.54826116271995
1699.0,26.191052592403658
1700.0,5.8699196569897385
1701.0,23.833275433003635
1702.0,75.26663746847657
1703.0,-66.04136531557998
1704.0,38.58736475254429
1705.0,-8.801730932102316
1706.0,-100.2556039118434
1707.0,-35.881612310289924
1708.0,-17.483572282764236
1709.0,-60.076588083099125
1710.0,17.38018172402785
1711.0,39.733439285371915
1712.0,1.1341924458847874
1713.0,102.09424890015214
1714.0,81.94684478114324
1715.0,-2.3241743137732094
1716.0,46.70408093513666
1717.0,175.49518360224621
1718.0,13.201169227605154
1719.0,-67.18497188380277
1720.0,19.647057703366492
1721.0,-15.197998295944442
1722.0,48.67592218870355
1723.0,40.06588938203305
1724.0,-69.07470189022959
1725.0,28.196459303100596
1726.0,74.70218781385846
1727.0,43.96578839053728
1728.0,22.512400470679417
1729.0,-31.71854997896297
1730.0,12.377078307823254
1731.0,39.76858032429683
1732.0,-16.72123472087989
1733.0,-46.95561704111978
1734.0,-6.489985372648986
1735.0,17.949039220468208
1736.0,-108.0663626577886
1737.0,-25.212692003123358
1738.0,-12.544228481915775
1739.0,45.863428968934684
1740.0,88.93081218517236
1741.0,-89.55963203785697
1742.0,-14.2695102673059
1743.0,-3.215731483152641
1744.0,58.88307055817266
1745.0,-31.4087163373489
1746.0,0.9085654407995261
1747.0,-207.86711358247828
1748.0,-52.74617750045081
1749.0,-48.67030900658129
1750.0,-98.73814422379462
1751.0,32.282162315225165
1752.0,-39.66352833315729
1753.0,-19.494188281630585
1754.0,6.036269848157028
1755.0,102.0741045549505
1756.0,-37.89814367412429
1757.0,48.71892357701721
1758.0,-15.618007854594614
1759.0,-7.616563120436114
1760.0,8.912043939757101
1761.0,-20.81030883522167
1762.0,10.906784844339894
1763.0,-53.45453808259535
1764.0,33.11360338990838
1765.0,92.85757418289093
1766.0,195.26918188646292
1767.0,-57.330423903871704
1768.0,-51.85962803515265
1769.0,-57.56244630755336
1770.0,-17.170725262984476
1771.0,-73.74001995881902
1772.0,22.681117669383326
1773.0,-82.04705733092159
1774.0,-11.128022194050134
1775.0,-18.05780163602406
1776.0,14.496729634174754
1777.0,-15.099142196518413
1778.0,-22.56590468758416
1779.0,-78.99905227426248
1780.0,5.218306913634388
1781.0,43.43730133790247
1782.0,-48.769778227600014
1783.0,19.7345120445601
1784.0,-8.9764795504636
1785.0,-219.8238660136325
1786.0,-6.368784217796602
1787.0,16.73133009490813
1788.0,-17.1931309208494
1789.0,-24.681920930861615
1790.0,-6.579044129308786
1791.0,23.928435197039306
1792.0,-138.05931994720325
1793.0,5.6003981049600515
1794.0,33.96898229538917
1795.0,-6.369180229457482
1796.0,43.2244199804191
1797.0,-76.43259364427058
1798.0,-46.77895253769225
1799.0,74.89190917947602
1800.0,-1.2709971477454136
1801.0,22.338426717696166
1802.0,-4.294155993658059
1803.0,-12.294899239635653
1804.0,-62.660483819155395
1805.0,8.352589599511537
1806.0,35.51798472626994
1807.0,4.2096884258655045
1808.0,-37.303057938572195
1809.0,-59.84631652139099
1810.0,109.75833479038192
1811.0,-0.48290491094878085
1812.0,-18.369509625691194
1813.0,-99.58540205264205
1814.0,14.957379992507038
1815.0,-61.84025884314954
1816.0,4.968363401924039
1817.0,-23.873792153842004
1818.0,29.92974877687957
1819.0,29.991913619133385
1820.0,31.83497596222896
1821.0,19.774351179073562
1822.0,-33.59924338572891
1823.0,-34.81429942639813
1824.0,32.51975594946454
1825.0,11.345691283472204
1826.0,281.9124891042569
1827.0,6.936960674036355
1828.0,69.01284470482607
1829.0,29.38774429038253
1830.0,-53.449765670743886
1831.0,-122.94674396846229
1832.0,39.778114299688546
1833.0,35.60650711947319
1834.0,-52.20888362131136
1835.0,-22.309422137251218
1836.0,16.826346857151343
1837.0,-7.627260346547169
1838.0,73.17971772334792
1839.0,-15.71504432477558
1840.0,19.77957233438797
1841.0,8.248524138879334
1842.0,47.61873465999895
1843.0,-35.754069837657894
1844.0,-40.80535875581458
1845.0,40.93804421877735
1846.0,1.2230929334311869
1847.0,32.88197422851539
1848.0,-5.722114007427541
1849.0,59.106826861663734
1850.0,1.0155030134498588
1851.0,112.27278984352591
1852.0,62.2499273795013
1853.0,-50.242467054496686
1854.0,-22.09643498537993
1855.0,33.679785510186946
1856.0,-46.557510329551924
1857.0,-37.183114632598794
1858.0,-28.481376730115322
1859.0,-27.214331761686175
1860.0,9.048693952599697
1861.0,-97.63958301928042
1862.0,-6.5397795481335415
1863.0,6.540946252200444
1864.0,-13.990505699102648
1865.0,35.47742869425215
1866.0,-6.058948151505762
1867.0,-36.38186323836655
1868.0,-28.943247070719394
1869.0,199.06656702335357
1870.0,51.62493731655535
1871.0,108.19873651372188
1872.0,-89.99191833401784
1873.0,-31.169098349979166
1874.0,37.60598934617732
1875.0,-0.17335280306425993
1876.0,-104.58446759745325
1877.0,-22.931994444385538
1878.0,43.03371984022862
1879.0,45.39014146581704
1880.0,18.964801485968145
1881.0,-45.31125305746118
1882.0,-39.73164052577895
1883.0,3.4436580980117064
1884.0,-46.719148493084454
1885.0,45.49887044803356
1886.0,46.55813003276542
1887.0,3.261977872470168
1888.0,16.20240361817867
1889.0,-78.44477625575693
1890.0,14.200949189922055
1891.0,6.50659235212615
1892.0,49.072645696756254
1893.0,132.59819574099706
1894.0,-178.2696597788604
1895.0,92.74401867886587
1896.0,-3.932446473737036
1897.0,-91.99549076666173
1898.0,-20.27514063193628
1899.0,21.645550664321476
1900.0,-42.1519573964007
1901.0,13.397415113353128
1902.0,-77.90845312917804
1903.0,-42.19636616436212
1904.0,91.67457765591445
1905.0,19.208165188422257
1906.0,-39.57614313143065
1907.0,-36.12056216825202
1908.0,-58.82771853671877
1909.0,-7.274735883739959
1910.0,8.236742811056855
1911.0,37.0337106003353
1912.0,-106.60075431649656
1913.0,14.883664459378481
1914.0,12.595360930792278
1915.0,-11.248845036584637
1916.0,-27.423223521006193
1917.0,-73.20087967765866
1918.0,10.040206612252502
1919.0,0.4479833704460514
1920.0,102.30632993696472
1921.0,-7.307011484143516
1922.0,-40.739599319155474
1923.0,-5.724400214430636
1924.0,-19.67428575347784
1925.0,137.8879509275829
1926.0,37.48741870244575
1927.0,17.464319054033403
1928.0,-44.66613212564109
1929.0,20.415166639783692
1930.0,46.40774545371393
1931.0,-90.36339870501217
1932.0,-76.60885684020359
1933.0,-43.4309104998609
1934.0,-11.562965292358891
1935.0,-19.47266402759869
1936.0,36.48509887078658
1937.0,-8.463279222273632
1938.0,-133.02809221408143
1939.0,27.430417170121117
1940.0,40.65761007666417
1941.0,42.064639869205266
1942.0,-108.1913012102996
1943.0,-59.447197087526
1944.0,31.3267384870502
1945.0,1.6532965486080755
1946.0,-0.4017526220092389
1947.0,-99.56153551503908
1948.0,5.547669600471092
1949.0,138.76942913266737
1950.0,-3.322851740278166
1951.0,-21.071301703868627
1952.0,-51.511625267689546
1953.0,-15.964535805560569
1954.0,22.617536321411897
1955.0,-50.19225039943174
1956.0,-47.89578618065087
1957.0,-9.975583404025034
1958.0,56.535462316884846
1959.0,-50.34329102001988
1960.0,-75.82639944299744
1961.0,-104.05309390749419
1962.0,88.97452198126074
1963.0,-101.91565502495966
1964.0,38.837000052738276
1965.0,-3.6612305708859214
1966.0,9.480019858733609
1967.0,59.76577551752689
1968.0,-4.675724595260986
1969.0,-76.1426565195868
1970.0,129.2979184762645
1971.0,-39.90781773490713
1972.0,-14.088390406867395
1973.0,9.908459433776125
1974.0,-39.92091599799771
1975.0,-2.770168192183638
1976.0,-5.9730557616951625
1977.0,68.63338688054176
1978.0,15.381050107194712
1979.0,125.32360125458274
1980.0,32.199563548540205
1981.0,-21.726059931171783
1982.0,36.2418203787427
1983.0,85.44215675533434
1984.0,-1.5783157205267013
1985.0,-84.97981161881104
1986.0,51.28665728542566
1987.0,-47.67210811669925
1988.0,-27.43745802579935
1989.0,12.773159480875927
1990.0,-28.632400439815157
1991.0,81.38231626500304
1992.0,-19.66719049784843
1993.0,21.194700377044434
1994.0,-30.71091435561992
1995.0,94.65168670634063
1996.0,-8.918150383272206
1997.0,-18.283435967105916
1998.0,-30.86744991917289
1999.0,28.622447068239694
2000.0,-41.15230534910411
2001.0,91.84381913185143
2002.0,46.59955677261588
2003.0,-48.99408181096953
2004.0,-31.636177070247236
2005.0,110.40198772575167
2006.0,1.8120526536928487
2007.0,0.8134823792605719
2008.0,10.269502481238613
2009.0,-25.91184531345275
2010.0,35.75041087428923
2011.0,100.12905786876783
2012.0,7.048432061998531
2013.0,-3.3231934895201487
2014.0,-21.63647182813755
2015.0,60.87601059457751
2016.0,-36.392727938032344
2017.0,22.277082461229092
2018.0,36.15371376874606
2019.0,12.404107791594106
2020.0,-15.07855362423563
2021.0,-68.84003010806842
2022.0,12.545027209983521
2023.0,-14.307153021408993
2024.0,167.13664662653997
2025.0,64.54912833978379
2026.0,39.921500492053944
2027.0,-11.489644247063234
2028.0,-116.01071298715758
2029.0,-20.90610450974473
2030.0,-16.872152391882917
2031.0,121.72756954748255
2032.0,27.369823709763267
2033.0,16.873891761683154
2034.0,136.4496326112369
2035.0,43.91042290881983
2036.0,4.432014543746304
2037.0,10.675607159355193
2038.0,20.797315979381914
2039.0,27.420040409795085
2040.0,-20.039138705940417
2041.0,17.522312050454005
2042.0,2.8304863350433607
2043.0,22.379811862650605
2044.0,-16.97104590799157
2045.0,82.40346028316975
2046.0,22.78148028542759
2047.0,-19.78663822264388
2048.0,26.034655201305668
2049.0,-51.43834383809908
2050.0,-16.207485384898384
2051.0,39.702849545123264
2052.0,-7.120686443122528
2053.0,-1.8563869504372672
2054.0,-2.903600214374352
2055.0,10.223104654829461
2056.0,78.62306630471785
2057.0,62.14862496780242
2058.0,-60.582476865100844
2059.0,-10.551004063212545
2060.0,75.85563027507057
2061.0,-97.79203147112432
2062.0,71.26475055363466
2063.0,71.79718420096773
2064.0,-69.71635034926346
2065.0,1.5923353556351518
2066.0,34.38299781850719
2067.0,1.329451411245083
2068.0,83.72039296893384
2069.0,-57.34463202188088
2070.0,18.365972773499855
2071.0,15.696981900703102
2072.0,-47.98349069009447
2073.0,52.111322040100255
2074.0,111.80165027597494
2075.0,28.714282124558792
2076.0,73.88509382690822
2077.0,-80.75986528047545
2078.0,17.566188781060447
2079.0,157.81728879435576
2080.0,-219.45236660561486
2081.0,-54.96525943335616
2082.0,177.63926297523173
2083.0,104.37478284911832
2084.0,-98.2260864284818
2085.0,-6.80431116960146
2086.0,48.952298747617334
2087.0,-16.306859989782232
2088.0,-52.606937400785625
2089.0,1.535985536629381
2090.0,-33.48963105556983
2091.0,287.7569793278947
2092.0,-7.840537009589093
2093.0,15.995409411279004
2094.0,-19.566358807464027
2095.0,12.160183521981459
2096.0,-2.1116714012187714
2097.0,65.58514948894258
2098.0,-1.089621388619734
2099.0,-5.884706078690772
2100.0,-7.7893288499754165
2101.0,9.216081994275454
2102.0,-15.119805790763287
2103.0,128.74659733577604
2104.0,-2.908178656917281
2105.0,-36.52910810166341
2106.0,4.130162113582175
2107.0,-45.68768830164145
2108.0,50.73904870145839
2109.0,-8.568163903088598
2110.0,-98.79762427214467
2111.0,-73.69360575961332
2112.0,-1.2726259305918006
2113.0,26.96327091407074
2114.0,-50.62427761626467
2115.0,66.28744344774911
2116.0,-46.67997642794438
2117.0,-62.134482626029914
2118.0,33.220170814615045
2119.0,-2.821519225713436
2120.0,-64.63667198730792
2121.0,-49.88458135945727
2122.0,15.527233801495784
2123.0,-6.292901159151455
2124.0,-99.6154030769305
2125.0,9.605231832983938
2126.0,26.862318532986578
2127.0,-47.545293505510685
2128.0,-11.573451793042684
2129.0,-156.8905081741215
2130.0,31.590339281282695
2131.0,30.14984717889002
2132.0,8.612085005340838
2133.0,222.8506186191841
2134.0,110.38168205824492
2135.0,-62.230715872941076
2136.0,-4.593174732648892
2137.0,4.683842075662598
2138.0,-54.520440581835274
2139.0,48.58301414832128
2140.0,2.5240974636177906
2141.0,-45.28410324246194
2142.0,31.36335987471044
2143.0,-14.217824115237176
2144.0,24.007795990060636
2145.0,-53.98082303756982
2146.0,-30.098465667884135
2147.0,71.74430387169551
2148.0,-1.3718608452140337
2149.0,-136.05721458523863
2150.0,-6.250243964184732
2151.0,-59.315770570620685
2152.0,27.621286091086517
2153.0,24.176874239289056
2154.0,46.02213127734276
2155.0,76.93774778028998
2156.0,-13.125952410108228
2157.0,164.89073583110923
2158.0,-6.3726168661656315
2159.0,1.5342150567739612
2160.0,12.312275566716238
2161.0,21.696090342821037
2162.0,-67.37819041882919
2163.0,90.78032018622521
2164.0,-24.96318926215387
2165.0,-5.204259467509319
2166.0,103.82380445245883
2167.0,118.95175187562425
2168.0,-80.24512009791002
2169.0,48.7687001837248
2170.0,62.41740733546153
2171.0,13.379588858452403
2172.0,3.1917566991284074
2173.0,42.03050918006978
2174.0,-43.71556107110712
2175.0,-70.09280165286636
2176.0,39.78653063920416
2177.0,26.57517168194604
2178.0,-8.691700094418765
2179.0,16.23905985910362
2180.0,14.328490868232015
2181.0,-30.794356343173447
2182.0,21.004916095957675
2183.0,3.0336289165635266
2184.0,37.7141156380964
2185.0,-121.6580746542553
2186.0,38.85799811953691
2187.0,-15.070746044131733
2188.0,90.59750249265372
2189.0,20.743268046563358
2190.0,-12.585708637675273
2191.0,-99.40768210397354
2192.0,-41.14997212417708
2193.0,33.10869541362243
2194.0,-16.23371549053251
2195.0,-35.07821705170024
2196.0,-40.999435448153406
2197.0,-71.11574984289938
2198.0,-41.24028689105756
2199.0,9.07653386997132
2200.0,88.71690408520399
2201.0,29.524129027304284
2202.0,-30.941679624461692
2203.0,33.09710855038673
2204.0,30.30874474584062
2205.0,9.729804129760351
2206.0,-31.599898829278594
2207.0,54.388083054134
2208.0,37.878587625969494
2209.0,24.760497503818705
2210.0,89.24124402352999
2211.0,-8.531633781873529
2212.0,49.79734443275122
2213.0,-7.650483602482987
2214.0,48.032246238932345
2215.0,-24.714819571023277
2216.0,-17.090066597772818
2217.0,3.639482526273383
2218.0,48.347376061685324
2219.0,41.10513215304352
2220.0,-11.544333879335403
2221.0,27.15103977700582
2222.0,-52.964629806832086
2223.0,55.12306682340751
2224.0,9.946728111213808
2225.0,-2.259671864692704
2226.0,-72.73150965808306
2227.0,105.94554142373707
2228.0,-13.952449004699346
2229.0,-18.550706277435644
2230.0,-26.52101646133505
2231.0,-2.64626798214058
2232.0,-11.792819337935454
2233.0,-47.142865267606346
2234.0,5.772719675106858
2235.0,-34.919158149549844
2236.0,8.633555775043058
2237.0,-69.01943332603472
2238.0,-13.571275134427438
2239.0,65.83193662391336
2240.0,44.17193116776313
2241.0,28.63677942188025
2242.0,-161.54817666704258
2243.0,0.5822606592348922
2244.0,-10.332720169565683
2245.0,-0.48535520976532887
2246.0,-47.95217459058989
2247.0,-28.12974431301126
2248.0,36.94074990126617
2249.0,19.737524755130266
2250.0,16.751741885878417
2251.0,139.29107544175977
2252.0,-83.83886690066535
2253.0,-94.09548437727216
2254.0,-17.73879428113478
2255.0,106.19769464312188
2256.0,-25.23313558387003
2257.0,38.876836292147004
2258.0,-33.434610678208045
2259.0,-213.83837561444926
2260.0,11.462436804967954
2261.0,-81.65550107114075
2262.0,-92.42636597997812
2263.0,52.664491699697955
2264.0,31.144895135380146
2265.0,28.54884571051791
2266.0,-2.8701335196037245
2267.0,-37.01415453578287
2268.0,-208.89546597877205
2269.0,2.1243720621680016
2270.0,-2.6483296178983835
2271.0,-62.5018575939271
2272.0,-139.94388968928234
2273.0,-95.18540382649522
2274.0,-25.74181820230332
2275.0,-35.310917643611816
2276.0,44.32671194594184
2277.0,-43.508518551539005
2278.0,27.776872919977244
2279.0,-36.9889670952668
2280.0,-38.53439062279567
2281.0,17.44494556384619
2282.0,-183.31363841863646
2283.0,-36.21524745049282
2284.0,44.61448273325922
2285.0,2.266535096806246
2286.0,33.613897454422414
2287.0,35.0882579909629
2288.0,-69.07798615660079
2289.0,34.99672161728231
2290.0,23.639999749540195
2291.0,61.01562767492794
2292.0,68.07978345048352
2293.0,36.64689337765438
2294.0,-41.586069687257535
2295.0,25.528575575800097
2296.0,-17.002473211540703
2297.0,-43.29245643811409
2298.0,-75.95982555000641
2299.0,-26.335916867307155
2300.0,70.84944821248354
2301.0,-29.64688712123526
2302.0,-57.18222463206514
2303.0,12.479532084933613
2304.0,-82.69792853090502
2305.0,143.9895584941795
2306.0,-94.61955271707222
2307.0,-45.940504750817865
2308.0,-8.20545596778175
2309.0,-10.610122955545757
2310.0,121.48427753122289
2311.0,69.84159552310523
2312.0,-1.0264281557622823
2313.0,66.1961889363154
2314.0,-16.809690644792568
2315.0,28.719039017830312
2316.0,-15.933475457630356
2317.0,-109.43968199481331
2318.0,60.123499811637195
2319.0,7.358561162263401
2320.0,-32.06530177908554
2321.0,44.46362279475668
2322.0,62.5877695227866
2323.0,-37.70014657377651
2324.0,37.60602023140307
2325.0,-45.13211567662671
2326.0,-67.22542810706368
2327.0,207.03412010431396
2328.0,2.1412825994411744
2329.0,-42.431946792750765
2330.0,27.83863004704063
2331.0,24.065386162520923
2332.0,-9.152739065006168
2333.0,-57.82605039717345
2334.0,-41.21431862069791
2335.0,45.862880984529625
2336.0,30.06029068973787
2337.0,26.302307526684054
2338.0,52.57105125250569
2339.0,8.21335632260408
2340.0,120.91214890072308
2341.0,112.987608631537
2342.0,0.36946957430608585
2343.0,-56.27320327049576
2344.0,33.857735699166895
2345.0,-17.295956294535113
2346.0,52.424185198634
2347.0,8.43324972227845
2348.0,9.404538641208989
2349.0,20.82306976870322
2350.0,-23.32245389361082
2351.0,-3.827407520618147
2352.0,-29.296445205552665
2353.0,-98.19513003892347
2354.0,-31.31919076228281
2355.0,-71.46974840305394
2356.0,27.47964040410335
2357.0,-26.886017479056974
2358.0,49.263089791191405
2359.0,-22.800822577063215
2360.0,47.768363250253145
2361.0,39.083191943310325
2362.0,20.12930553496264
2363.0,-41.15287880584111
2364.0,-25.216116358998477
2365.0,-28.65500324752137
2366.0,56.40062104832481
2367.0,30.66050937589558
2368.0,-16.268340226088114
2369.0,24.71424922575305
2370.0,42.86405470711158
2371.0,-24.81344572294595
2372.0,34.86173457758315
2373.0,48.819280330476204
2374.0,-11.713672858078256
2375.0,34.959065641223916
2376.0,19.204652693505388
2377.0,-4.576567392765893
2378.0,-15.797652477660124
2379.0,-11.965278845581024
2380.0,-50.519087800361646
2381.0,-32.0834858420468
2382.0,31.352527908362887
2383.0,57.531157270820934
2384.0,-33.47409390502679
2385.0,-17.00101098569138
2386.0,51.176562733494194
2387.0,-65.53070064284674
2388.0,-51.91030277553237
2389.0,-2.2875794683831012
2390.0,15.644708839024643
2391.0,77.86156591272672
2392.0,148.2617179636726
2393.0,34.823052250971045
2394.0,-56.58209879806914
2395.0,18.9255518184871
2396.0,-37.676592595803214
2397.0,-61.20048694491197
2398.0,-7.169649155128045
2399.0,-2.8278358727285955
2400.0,97.73318232790831
2401.0,60.12901679457687
2402.0,-6.024799155208854
2403.0,26.630111416466917
2404.0,68.61856696941206
2405.0,-0.30326238669758077
2406.0,14.476216578374247
2407.0,17.02583259696226
2408.0,-7.793536938011217
2409.0,15.679424841458308
2410.0,-4.265963009801217
2411.0,-38.18374193310606
2412.0,-31.602645300799203
2413.0,83.2553949908773
2414.0,47.670761434033494
2415.0,-114.21876792783854
2416.0,93.31488020156695
2417.0,-67.44955508431019
2418.0,4.387783356835008
2419.0,-21.476205247070418
2420.0,-31.624089652701493
2421.0,-109.51456261750462
2422.0,31.13688215039239
2423.0,-27.616804878205258
2424.0,185.1275844857609
2425.0,-32.51300954056998
2426.0,12.11051716239187
2427.0,-81.42230348322116
2428.0,-3.2450377532375008
2429.0,8.85775022235437
2430.0,-196.10567479233686
2431.0,-14.836998111906581
2432.0,73.47330040587137
2433.0,97.43889900214741
2434.0,96.78776160774825
2435.0,-1.3156461734765639
2436.0,28.64032411357867
2437.0,-9.146347167879425
2438.0,-51.76582620605457
2439.0,66.59553305718697
2440.0,174.87431865177433
2441.0,32.25246973336738
2442.0,49.48574715832478
2443.0,-24.49591241287075
2444.0,-50.434511907056006
2445.0,55.791826404347354
2446.0,100.01791427024388
2447.0,-122.66146814296289
2448.0,-51.01946575726321
2449.0,40.745878322869075
2450.0,-40.27203685323139
2451.0,-1.7835004412262396
2452.0,56.34734353307618
2453.0,41.45277360113565
2454.0,41.4789368229782
2455.0,19.934036713495075
2456.0,15.766344313950762
2457.0,28.018311483731196
2458.0,31.332628464066282
2459.0,39.015487904727124
2460.0,92.21319749141544
2461.0,45.43179040946025
2462.0,18.974434258479207
2463.0,-19.506641435076872
2464.0,9.704376850110473
2465.0,43.18211331761306
2466.0,31.316729560241342
2467.0,145.60969154395397
2468.0,-19.816702589149436
2469.0,-12.144784823916014
2470.0,-2.674380170041581
2471.0,41.28976258644522
2472.0,244.2949905539353
2473.0,-44.55495799632955
2474.0,-208.44533915972175
2475.0,121.65360788255359
2476.0,-35.93051830470067
2477.0,-2.9523375932969045
2478.0,-28.973432894173484
2479.0,-48.91507036157576
2480.0,57.411798739613445
2481.0,0.5074728494557146
2482.0,-0.1323943961499925
2483.0,10.814392919693335
2484.0,69.9558252255236
2485.0,32.144418273019184
2486.0,28.68149417963037
2487.0,-31.66673875913837
2488.0,87.99237682848957
2489.0,62.6648140274734
2490.0,-13.331188766404283
2491.0,-16.36183573153916
2492.0,45.93615152024598
2493.0,-41.1804616546661
2494.0,5.355131113764676
2495.0,23.861839134752266
2496.0,11.157381874360984
2497.0,-8.631690199038454
2498.0,-34.212354693221364
2499.0,-52.97307098534954
2500.0,117.89643217059728
2501.0,69.9835434763971
2502.0,-103.15889816256123
2503.0,240.36359431169802
2504.0,52.16571048536282
2505.0,162.29328062733703
2506.0,-5.444894831406813
2507.0,-0.9706210649086184
2508.0,134.33785115634095
2509.0,14.960082055685811
2510.0,62.75205121041773
2511.0,27.832189509356503
2512.0,97.46700996121945
2513.0,-24.549964821632045
2514.0,43.56739755304491
2515.0,-85.72393433583858
2516.0,-2.062454860135082
2517.0,7.067704379256975
2518.0,189.9465626396397
2519.0,50.110610219100764
2520.0,122.89050239393804
2521.0,67.27838124288371
2522.0,-63.791184487570476
2523.0,-42.16286905506841
2524.0,-212.9911093463757
2525.0,236.06247988365408
2526.0,-10.227063918330515
2527.0,-42.17633516564101
2528.0,230.1156057554115
2529.0,-5.886144259152077
2530.0,39.57587136869905
2531.0,85.14325803110692
2532.0,26.168497549711795
2533.0,-25.537912405691635
2534.0,51.6121798433721
2535.0,79.81877755439996
2536.0,-0.25783593545000194
2537.0,65.04336726256669
2538.0,21.774035347955824
2539.0,36.7012710531812
2540.0,-53.2437606143493
2541.0,-6.587535740276955
2542.0,-45.73507276706928
2543.0,225.52947059189165
2544.0,114.64232066703468
2545.0,-13.204619907800128
2546.0,-29.21944777960279
2547.0,3.465680092545261
2548.0,24.226366054450544
2549.0,6.7196534624080915
2550.0,-114.56889643206623
2551.0,87.94189564389038
2552.0,-12.265755417697266
2553.0,8.208757645243967
2554.0,227.34025511635747
2555.0,-30.271547845407405
2556.0,-50.20990808708568
2557.0,-59.970976616850415
2558.0,127.21193482441271
2559.0,2.705166034074991
2560.0,-157.24960654042584
2561.0,16.389047366377667
2562.0,-5.25062079013686
2563.0,3.5088045995229447
2564.0,60.238720664517906
2565.0,12.732882077029338
2566.0,-11.325799095682472
2567.0,-17.746187692519115
2568.0,-20.957807151037912
2569.0,188.9078101395234
2570.0,175.53449305430777
2571.0,-6.28494878543143
2572.0,-54.25784878166434
2573.0,-16.94532789446771
2574.0,45.97252722916397
2575.0,-53.93719906018918
2576.0,-0.2698692436782735
2577.0,71.31496677414809
2578.0,-61.362326826624404
2579.0,-47.3951982950142
2580.0,28.984112440832746
2581.0,15.11095736922199
2582.0,25.94282838893502
2583.0,-85.83087506406841
2584.0,-14.338300856491651
2585.0,-67.16999174638337
2586.0,88.09018439216737
2587.0,250.2575885184128
2588.0,-67.69132950650514
2589.0,16.194022570443977
2590.0,16.092447542880315
2591.0,131.03843239817138
2592.0,-20.656074003477656
2593.0,-44.18158962920879
2594.0,-29.576319071918704
2595.0,-33.91006383426297
2596.0,-35.3326856040496
2597.0,-186.39553990298987
2598.0,-33.47094553993887
2599.0,-36.63602369133114
2600.0,108.83060785134204
2601.0,96.68314453083723
2602.0,-4.171199714122121
2603.0,5.123979373538079
2604.0,31.310431729902803
2605.0,117.09988535552932
2606.0,-27.054378914341342
2607.0,9.678860434460995
2608.0,30.502679357501293
2609.0,-2.6042187793686526
2610.0,13.662987073275714
2611.0,-32.321841149781896
2612.0,62.88935058324216
2613.0,15.863749846610057
2614.0,97.00006321991368
2615.0,40.60006173412012
2616.0,62.98011351134949
2617.0,8.419178529711543
2618.0,41.39403717944989
2619.0,-70.56166416485519
2620.0,28.853269024595576
2621.0,-30.740374620910195
2622.0,-49.597390787875554
2623.0,-50.15102265886257
2624.0,154.83527900837407
2625.0,-2.7016089675251123
2626.0,34.8753615840164
2627.0,83.92018808960887
2628.0,-23.793454439796662
2629.0,-40.870557525142644
2630.0,-11.797941291097972
2631.0,31.84811141480808
2632.0,25.38165058628828
2633.0,-11.35336772796587
2634.0,41.730709002216464
2635.0,25.89001449224019
2636.0,19.877166981404102
2637.0,57.30121323487347
2638.0,-90.11898725755995
2639.0,70.33586668895688
2640.0,-163.68298708715037
2641.0,-18.42607195687591
2642.0,-62.364968740013495
2643.0,-64.03746914611166
2644.0,-5.70037416608452
2645.0,4.829458443110451
2646.0,105.77068739118548
2647.0,-8.90720937308653
2648.0,64.88724033422234
2649.0,34.564747426277236
2650.0,176.84906534260648
2651.0,84.94047567437357
2652.0,-23.064126359984947
2653.0,-30.92716451571819
2654.0,64.08742529884708
2655.0,8.374774022642791
2656.0,16.271739809828865
2657.0,103.0692511229399
2658.0,-7.51237610615042
2659.0,236.1191020442734
2660.0,11.00073396243141
2661.0,33.23639472564675
2662.0,37.62690628056379
2663.0,26.534959559171504
2664.0,-17.110753508939588
2665.0,-1.263350179799735
2666.0,-11.141170812982084
2667.0,-31.71834869365405
2668.0,7.284936549355965
2669.0,18.563931352239578
2670.0,54.919375564147046
2671.0,37.47305064519452
2672.0,-42.22811198188737
2673.0,22.587043633181658
2674.0,-4.85603509059707
2675.0,133.13206020602675
2676.0,12.572097740462114
2677.0,35.86307600977195
2678.0,45.61424944939593
2679.0,-6.121206628417161
2680.0,-7.301221854281847
2681.0,35.926393485234016
2682.0,46.96854177882528
2683.0,3.073876657408425
2684.0,55.282571910212965
2685.0,-19.645902457940053
2686.0,129.43608326820137
2687.0,-22.575783250524438
2688.0,-94.46348140028448
2689.0,-10.258812000645534
2690.0,-29.51245672979733
2691.0,74.74012027842494
2692.0,88.22401208008151
2693.0,-69.00493490367354
2694.0,-24.14323442040056
2695.0,-6.448780288077041
2696.0,141.87194881921653
2697.0,27.166372004689315
2698.0,-5.952106909415001
2699.0,53.55359593950455
2700.0,67.53083380134785
2701.0,96.14983072345814
2702.0,-0.3262374165347044
2703.0,-0.21558521741284942
2704.0,46.44651358720453
2705.0,2.604563054937193
2706.0,-22.475796062061143
2707.0,18.554027047658145
2708.0,-47.76736474198671
2709.0,33.31676207020371
2710.0,33.77677861388185
2711.0,-29.536181209466527
2712.0,34.92026771607958
2713.0,169.70976374655783
2714.0,-90.28108222046818
2715.0,64.21033288678095
2716.0,-3.6501496268047813
2717.0,18.188434547839556
2718.0,61.388369350663055
2719.0,24.64718847906864
2720.0,37.11015809119337
2721.0,52.35925499465242
2722.0,46.461104847111685
2723.0,-60.749379774771114
2724.0,-5.717235333845988
2725.0,24.20229275119418
2726.0,59.81390864906658
2727.0,-43.46788956421262
2728.0,-60.24125984213782
2729.0,-9.643212869552997
2730.0,169.36149245351567
2731.0,-18.448209195061985
2732.0,24.241707534758582
2733.0,-12.547675727552248
2734.0,47.8809492491159
2735.0,27.564297475377778
2736.0,101.15966314387822
2737.0,-40.271843004701296
2738.0,-24.386439253678247
2739.0,27.386055772275412
2740.0,-20.05569413198903
2741.0,0.6553144770251809
2742.0,-21.218671902584767
2743.0,-44.9903883181345
2744.0,-59.18423341849788
2745.0,19.492019621989492
2746.0,12.978821382056191
2747.0,-85.62289046647071
2748.0,9.675786210650712
2749.0,-14.600509980734683
2750.0,-38.714421152288494
2751.0,33.26218831677817
2752.0,30.521904785538723
2753.0,5.651970894986084
2754.0,-3.6487455118865615
2755.0,13.014091103611593
2756.0,-17.43654742726516
2757.0,44.214884196966565
2758.0,38.4968150022398
2759.0,-0.05577665996605852
2760.0,-9.107570518033203
2761.0,-6.362996727281222
2762.0,-34.110819027021776
2763.0,21.03769281166055
2764.0,-54.89049451918366
2765.0,-71.54672759447723
2766.0,64.42205502416678
2767.0,-43.705213081253476
2768.0,76.34548451084208
2769.0,89.80830258006539
2770.0,-42.311233305239845
2771.0,-18.48312783466325
2772.0,-8.946858406583601
2773.0,-45.065427023169875
2774.0,37.264266380832964
2775.0,52.09760023432918
2776.0,-7.3406772457975435
2777.0,45.783329642076886
2778.0,-40.66458276826948
2779.0,-69.90850584292141
2780.0,-13.641770701244722
2781.0,-21.02438945416084
2782.0,34.9445119912193
2783.0,45.95373382863946
2784.0,-94.07840331913742
2785.0,-43.75306932912758
2786.0,9.900440878237456
2787.0,21.711606886223386
2788.0,-15.415195200994722
2789.0,45.466493856401854
2790.0,24.04961866609259
2791.0,27.750755818892294
2792.0,-75.89471661630569
2793.0,-15.395726731680904
2794.0,-67.11178259001346
2795.0,-28.44242117544791
2796.0,-37.858060482416974
2797.0,26.48360704494106
2798.0,42.14160064654389
2799.0,8.633377820755646
2800.0,-26.651338951517914
2801.0,-129.01360028497479
2802.0,29.284109386322072
2803.0,-4.090992387732641
2804.0,11.412020607474144
2805.0,-85.81959190660463
2806.0,3.2088479754050443
2807.0,5.208696797470102
2808.0,-3.8673165003670515
2809.0,-23.495107126155233
2810.0,26.483956527673143
2811.0,-111.07607647856304
2812.0,-25.023656777859806
2813.0,32.73087826983057
2814.0,-46.23739536158911
2815.0,-28.763294951934007
2816.0,-8.863142924964249
2817.0,29.551508469046027
2818.0,-14.933557584723735
2819.0,-24.767980533397775
2820.0,-33.40761618589213
2821.0,-7.2234605124204965
2822.0,24.756803690069447
2823.0,-3.3135827460839895
2824.0,143.26102003944013
2825.0,-73.9509399213472
2826.0,-1.1471663261802525
2827.0,93.16800584725561
2828.0,27.311287177518786
2829.0,-40.17977753176376
2830.0,-105.630556009903
2831.0,70.83896536781039
2832.0,-3.524559766773857
2833.0,175.9322290293855
2834.0,143.71284033442288
2835.0,34.71622788047256
2836.0,-17.224218615974603
2837.0,60.55482223734914
2838.0,-41.32252217378938
2839.0,-26.271241387115218
2840.0,1.8103953637639965
2841.0,46.81315039036208
2842.0,-60.59374398617393
2843.0,14.004555681609284
2844.0,20.318063507738067
2845.0,22.84706515473414
2846.0,72.86801820864763
2847.0,75.95295835797343
2848.0,41.11821452415461
2849.0,18.758824079127358
2850.0,-33.73361547601204
2851.0,11.475875999371949
2852.0,-54.51168590474328
2853.0,12.029841689621195
2854.0,4.308786038999246
2855.0,91.35662710730358
2856.0,-21.669194213293792
2857.0,97.20982204924479
2858.0,63.19351000154737
2859.0,24.354212308131338
2860.0,-18.748539765244125
2861.0,8.608676774303069
2862.0,-81.23404328091488
2863.0,208.53878557598273
2864.0,52.44531478803149
2865.0,-76.46678573023932
2866.0,-26.845670151133476
2867.0,49.33841261622523
2868.0,16.145824124843607
2869.0,47.945254279350515
2870.0,10.139142051993485
2871.0,12.835089496653497
2872.0,18.154948892882985
2873.0,-101.85561774488889
2874.0,-62.29424744816566
2875.0,34.27515150616219
2876.0,156.68264969083512
2877.0,16.542276615148346
2878.0,-26.746569611426175
2879.0,-45.20009827787486
2880.0,80.3551228401218
2881.0,-37.390272227606246
2882.0,-53.85836480611176
2883.0,58.896940578671334
2884.0,82.57827822485987
2885.0,-96.85602132958883
2886.0,142.0152864131895
2887.0,-4.629735182460584
2888.0,4.245334743298185
2889.0,6.246393111129359
2890.0,-47.774871081267015
2891.0,68.44570608994519
2892.0,10.693195265196495
2893.0,8.704209186001483
2894.0,-19.04110963182719
2895.0,-80.06278303966596
2896.0,-154.1720005949178
2897.0,6.169298752355994
2898.0,0.2614480804659731
2899.0,-35.618877232525044
