0,1,2,3,4
1.2762658900213188,1.6239011113263562,0.6378986616009515,0.5622168474853677,0.8619506591503583
-0.7752822871082987,0.5265519529259466,1.491333775514212,0.19363991809386427,0.2447769643650032
1.9775417643220472,1.103856305141501,1.4652823435060518,-1.0359947910720697,0.30582110355877623
1.09914659997752,1.7031106810281835,1.244520020995672,1.4295639022761624,0.28916599453821124
0.7696270219814385,0.2115301645938198,1.0835544439064642,1.6110078825786414,1.6844950841741273
1.55600288611062,2.5244172475802595,1.0572797618082987,1.9341480856960669,2.233528896151288
0.023063079121674712,3.87112692412324,0.3816026993359168,3.215901450653069,1.9332502376921803
2.7172394990266446,-0.1630485919814797,-0.16244901133998435,1.6093312586082913,2.3135161645678237
-1.0981261282712924,2.023624834895589,0.8250965280793291,1.0766007885455773,-0.057632650212167576
1.0044917485024591,-0.695715917507781,-0.7122871513057909,0.3381524582729237,1.5373966406815152
1.1461612804535684,1.9413592647189633,0.993543289690101,2.242425361070296,0.5909531374605188
1.9338698472707099,0.6720193406285142,1.6884955973774227,1.4680581743245065,0.5900776278103034
-0.21459876462703956,2.2883095404589233,2.2949701034975662,-0.2306884237043585,0.1876867192308528
3.052304084827578,1.0764799183071887,-0.6031748601146636,1.5588857492823411,2.337951269419454
-0.4417976640670824,1.4661326830051702,-0.6538896359921167,2.40561146227764,0.5198138532882821
1.95646896581436,-0.29516119785522466,-1.2161241987159204,1.12151784296,1.0082924586391553
2.877605240540157,1.3761915251729369,2.406833878183331,-0.2194364920039837,0.2694678850240841
-0.002586334500481735,-1.0945802029255391,0.4922738785796658,1.060554275212737,1.8334168608052783
1.7471236756221304,1.2258516970427644,1.2081480670985612,0.1368304073213672,0.9261783180355012
-0.3602723225216875,0.024711991021169392,0.17493002690556725,0.8862559361549737,-1.7591910845450145
1.8441820496398889,0.9529974652263048,0.8003784317453084,1.896217817331152,0.9834173831659928
0.7292513560977718,1.127430903774839,-0.3804717085523697,2.0606375594015702,1.2799936743719929
1.0656372357445405,2.0631313012369703,0.9391009125096164,1.778455628102824,0.7626172539602649
-0.5229292105290169,1.6941748752558894,-0.07510782510957448,-0.1322320382538904,-0.4531413027388471
1.7659036948555742,1.1631625885347772,0.7305182554734075,1.3571472385502423,0.4059884109314608
0.9671169993091046,0.9001847370472424,2.1409743967702006,2.0381977460522025,0.9354536866695282
2.291617883479046,1.100322861008887,1.085415044336627,-0.6324899418287238,2.34669340017294
0.2876741973682363,0.9991881028991784,0.969348103340754,2.9906911451797704,0.12644632408256884
2.288919273879431,1.5416180830566462,1.4510529341987255,0.09501038755206627,0.4349766754898635
0.9964276834112156,1.7767074513326295,2.7822088608934443,3.2534575808680026,1.2674753090489859
2.5488409922790454,1.6593699658176082,0.5374387643288913,2.2496711230669786,-0.5105813301332696
1.5413110908095358,1.7098612169527294,0.13301223901196346,1.884023910706421,1.6015836533855519
0.3102538414278786,1.465696605104441,1.028111902465675,1.262844766716858,0.9290470690233352
0.08426664205167878,1.9035926372674516,-1.4200650688390322,-0.3646665567324008,-0.3131373668404993
0.5715538201542402,2.639508141801545,1.1372425396393548,0.4467022010385085,1.5070623624362918
0.2582900872303383,1.040100175840332,1.1646500576376977,1.746337887876225,1.8359610061679252
2.2064218596975,-0.14048458723802515,1.66334092006749,1.5871142768883797,2.3713247379181355
0.4837532631339985,1.907711123574992,-0.12135397961444785,1.7637126148712263,1.8252788076187465
1.7304276680788355,0.08503657455673175,0.33949328276595103,0.31098565623835583,1.3996555062997442
1.4094760074218864,-0.7496510859619971,1.1494940463349024,-0.5350250033147397,1.5277284295722091
0.6167101209129726,3.66955393010068,0.7004140626425959,1.398001399980728,2.1403669601516144
2.131368438333588,0.06996581603835783,1.4526366469277256,2.6216703772539387,0.6780608503036791
0.4706955428906975,2.6518257256023987,2.6405128918103187,2.487383473397581,0.015923461329972355
1.058071459551546,0.6940480451562392,0.40268696819698707,1.6817392158519742,2.2296041083671296
0.9994083933909064,0.3141575000854329,0.4689552060337775,1.6569112141659912,1.009670878157143
1.3305221482455205,1.1276762002696072,1.4026290021543473,1.4572707478054716,1.1065272796999264
-0.4545447158221368,2.433333922977832,1.5758733769967486,2.7012864466245525,1.0023769726584772
-0.8841420432223672,1.8004421301562576,1.1505905953508246,0.7826743828274684,0.485599261170865
1.2546382130321776,-0.6156382850634734,-0.6760772322311701,0.9009701195865126,-0.10321953657301952
0.5675463031901296,1.5540266138057546,0.7351346818147709,1.6799066177767523,-0.3854988801368022
0.6146609761730069,0.593755374465383,0.13572320283607542,0.9410570738280488,-0.4212673742199191
-0.3109904669409267,0.06366467070494408,1.651565965047169,2.3090668823089056,1.9098415949951848
1.9856669511698717,2.5433416990971156,1.0231187482502906,-0.4636446193172488,1.2997588960252846
-1.983876110883516,1.460411013774536,0.7533513456160891,0.4352357908574023,0.4825811908439405
0.7958290826812342,2.84897427049233,2.2407964667425118,3.6026432788037863,1.1606981454363168
0.1419827892511879,1.5543865597444313,0.5521080004507927,1.4133586989816185,1.4590735252687288
2.3188335384814835,1.8243811777693817,0.6856530111627384,0.17805589116880038,0.8751080891330839
1.6035108544833414,1.8315185454651692,-0.08015019866926831,0.6370452280829336,0.27126240575113425
0.8413467143897628,1.4618485555667209,1.6314980323147332,3.175038855668165,0.2447918058629879
0.3907506860241574,1.452678774932172,0.9004759525120586,1.910539665334015,-0.6383157971875775
2.6334325673190007,0.4511226539787498,0.8867995456901188,1.977439525272624,1.9313084263852207
0.3422656088467523,2.383943921648544,0.7210998066291208,3.0048733403941035,0.2357022090168009
1.5325515533868477,0.9049461510404064,1.0891359922095691,1.7029993949420492,-1.3916609570125535
0.7290627712997555,0.3231512387975046,1.1737797690271343,-0.2036853778336034,-0.6541730004061599
0.3656996202163678,0.15463524544615634,0.09060203475722817,1.5517415376706298,1.8085227069760104
1.4440889050943593,0.5560267053108682,0.5937160103707261,0.9914720807816018,1.916508161888644
1.7368841140402342,2.0634213014255183,0.6301701506643391,0.7866481630639772,0.6919642459499176
0.0040971056629055536,2.3326214838222747,0.2062671945954173,0.11277474011169952,0.7128578146771359
0.7055662360091888,1.0793540891026925,-0.992819731669516,1.6532923100594703,1.8694680169779607
1.8002701872076838,1.6689458069346492,-0.0655794051394385,2.5744614149936984,0.07692825248827284
1.1998105062231206,0.6127753874768427,0.08875050227334746,2.55815466504276,2.565404285034813
1.579288635796555,-0.24758194574529435,2.27012701146269,1.7165032535765292,0.3896849055341928
1.88325346131946,-0.5425715561839977,1.2340750222039103,0.17293686098077998,1.9066749576427824
-0.09122043816637992,3.5577246469241426,1.8385426568419807,2.007042440086031,1.9127324207206564
1.4735241215011032,3.0365052273946462,-0.5743944067486295,1.4409161910843942,-0.3143511443132019
0.7245342464648963,1.312471923501949,2.0421194173125468,2.054399248737468,1.1742060159981336
-0.6608092606878269,1.9316350816277643,2.007270611702987,0.6783385966000081,-2.685560447196332
1.5994007490673552,1.3767588502027819,1.008315123800835,-0.30286035699396696,-0.31780876436584515
1.5726813712270429,-0.6059535772854914,1.5587256380450158,1.3318752798033515,2.008732032536481
-0.7631479829393428,2.6223839458127385,0.35231590234264065,-0.1484804968652096,0.5897398802716259
0.7095125380520055,-0.5748930787933269,-1.131218873605437,0.8421285053588863,2.485619983129067
0.27238508082640744,-0.2887815700332872,2.9712759562915148,1.2238325982321905,0.4377142112987503
1.2038962190177251,1.3850691564901128,-0.2350431313330981,1.6380462171850634,0.3825187658577624
0.6866452690124438,-0.5046189440605988,0.8689889840632119,-0.2759236871962112,0.20932978691964976
1.0152348897183785,0.8730604783876935,2.1701037306055118,2.810180014094142,-0.3691644432838841
1.8246602495752624,2.7705010784026864,2.0055096183120487,0.54342455171584,0.6206809218398496
2.333199924215167,2.0959991431259857,2.0288186537386297,0.9921751151126748,0.36247920188171295
3.0673279124118538,1.362385004465652,2.077089543096741,0.4627621401152218,-0.29956994817908833
0.3136169665044585,1.0351641129203946,1.0877726579578697,1.901939076410464,-0.3140179068353104
0.039256319876623036,1.6990713647622897,0.023878068587590118,3.0629001263971896,-0.21917848304279894
0.6943034300352466,1.6005042226410175,1.3257849121036387,1.929161937267428,1.2140309878007294
1.1979164591677625,2.4517161543893944,-0.2800044620119051,3.070976901984738,0.8124139458417861
-0.09734040023264744,1.5525251710093015,0.2976915892834577,0.4342044204684817,0.6496000136963043
0.13377990203336865,1.9691401425207364,0.7486769403706235,1.4121133785827027,0.2639314817915085
-0.36103544576493696,0.5840903305756696,0.06597965620402467,-0.01161760160133585,1.0734466506398832
2.031242921838025,1.4233763726961117,0.09401964174674482,0.4850054075408399,-0.4772840583943949
-1.2004600974809851,2.904343597395336,0.5941339224894064,-2.4354270971001344,1.3373966332977614
0.018416769796988586,0.8377402023237079,2.535374467382111,1.5052928799033758,1.561778577534056
0.4734864995986682,1.3591294132009346,0.4282518969307022,1.29150980038729,0.5524617765257706
0.3290911619305602,1.0585704382404677,-0.0930621203227493,1.629436832546086,0.9753581436237152
0.13219920797144413,1.4732372646049736,0.4109266067324205,1.7201314486136583,0.9089653819354788
2.031036181334992,2.3957552269070987,1.9312092665919007,0.7059602824780209,0.7028131509935963
-0.16772807333129758,1.4555004026017502,0.7072353541752964,0.3948429551163358,-0.3651602309034758
1.3480135249163758,2.171697625650394,2.803555428622496,1.0665451740711311,0.977336384273074
2.210895001998126,1.1122736856574733,1.3028728215897758,0.2203058425146407,0.985753698454804
2.214346119422561,1.1875835132780554,1.2510468337673335,2.273701978325444,2.5900333236543096
-0.10577117349881582,2.09743336783626,0.9272295789415078,-1.1322732007224636,0.6665760343029004
2.4562283386378048,2.545457338172036,0.3320040396627297,1.607291551715418,-1.5248330527542553
2.027421116889199,0.001876937951073021,2.432945101014629,1.681329623501479,1.8916397513111645
1.8604916497134727,1.36942186401516,2.1159591144470875,0.14079859107449766,0.3941013111414439
0.3397061230041372,0.18167156541613014,1.2479920458003102,1.2049106841365376,0.7441962521908667
0.6932888057939711,0.626772777318694,0.2517945415057469,1.2646086431273118,2.930503289225181
2.3609182005171583,-1.3827524333028711,0.8357980330662703,2.149690933716649,-0.926573731665776
0.3723978653613431,0.93491928223521,3.1309952219527784,1.1966464442522429,1.9674434104111183
1.9305150089446288,0.6202553534947908,0.27739037239083303,0.5891715847647437,2.0740249671860047
1.4261245958086104,2.104978922605646,1.967191031092399,1.7221011058922369,2.0793060879261382
2.452675047961597,0.4791989162381948,1.1467919468382763,0.5676796617394204,0.016770039397120073
2.6797843103967462,3.4132245481420167,0.010991023062669749,2.242582276384234,1.093065679122432
2.364349267159008,-0.0318261668551838,2.0550501540120054,2.1150748502252137,1.4415685529645232
1.1548162874371717,0.07985625694706823,1.9041853554713373,1.0088130973313671,1.5643838958014258
1.7158039092408646,-0.12958991777520468,1.4037150665222655,-0.010331410472328884,0.636329241463155
0.8249406127906883,0.7246629848657086,1.1016533214880146,0.4873531131158484,0.7577478709825279
0.3874773865413832,1.4870528216324752,1.0419349584219144,1.5040789225799158,-0.0817066689509427
0.005646365840474178,-0.15610660543587818,0.0806264013065826,-0.21121048131014847,1.253421745394517
0.08884540949556874,1.3428383006220503,1.3869469253513729,0.4006824188772137,2.3271326327511956
1.2696776043321307,1.3402575398141752,2.4341554821384284,-0.23744253029364004,0.4125636301345656
1.2019172306088075,0.5837611168338759,0.42703192858595584,1.7661932129999474,-0.0734933458874667
1.4009692574373185,1.3694516973241762,-0.5777132948406005,2.1983146221644656,0.7332047386554967
1.7073010101105446,2.3460502668970755,0.8898971261281576,-0.42967363861593255,1.6859022845201663
2.1525315229286197,1.6438864737336545,1.3592580227595907,1.7627967232079058,1.2203596140462574
1.0200777158924608,0.5628275877993121,1.1037244975662592,2.4855109237107014,1.8563371302392968
1.4448781858463515,1.0185414587772406,0.020894312255877238,1.4632066418696756,0.3638885604509784
-0.8777039012329328,-0.1589626459212894,1.5478812737643233,-0.9786534699307408,1.1190817347241768
-0.5891649799573717,1.2829364834807762,0.6832388908824767,-0.6100838601288536,-0.7272263276755484
0.2605220919888616,0.5092179120000413,0.7290004059082948,2.0184152164721336,0.3896911569695509
1.0482784333382704,0.8425796377956885,0.3099088747450817,0.4595787647513477,2.439090423526924
2.7778346581966487,0.7958437778815853,2.8480393378236335,0.003224780461277277,0.08237338194075873
0.3896028507262583,1.645803326063981,3.2880402146909398,2.001132419754997,1.647447838279469
2.589643622460186,-0.04058455811950879,0.014815488178073875,1.62004255950863,1.8292937457404377
2.0529306156112312,0.42069960203712203,2.8080258740836594,0.0013800230625121699,-0.008850408735099125
0.6536015097109924,-0.02646026653769007,3.0294146489218114,-1.38900186504455,1.8478323149625624
0.28765082205755604,1.2790868673951,-0.2258365912083569,1.1941971994066296,1.823265872493978
-1.6661925465723617,0.11490387128420587,2.23993110517591,0.3612657236432849,0.5091801932978424
0.7470013617939905,2.1223116295749973,2.0259484847751645,2.239645750283941,0.0486959316776977
-1.298939785540005,0.5549291890824192,0.1800011212287833,0.7974929183147541,3.271286538420786
1.4749003078713532,0.10957506363305057,0.15604931875678496,-2.5261469967168098,1.7458129896780292
-0.4774021514597773,1.1825527568978804,2.0661292659713766,1.6780368703686124,-0.16134067739374625
0.948491712021854,2.3430452941993094,0.4375163550253221,1.1988462419360064,1.7616670493429483
1.6851773096458766,1.3859847080358143,1.32936125518451,0.8668139445244769,1.7170247548273667
0.5918063519732821,0.9669652722745716,0.9595748660748356,3.4366575049636903,0.9630129529162982
0.20265740551196376,1.5250812926943664,1.3608389927238698,2.3894148914009232,0.4824529236567713
2.586123751603354,3.792777217947952,1.0700760162376253,0.6952682146624486,3.2950828028052928
1.2143231586109386,0.8979919768517475,0.987119819631273,2.6533775559887287,0.6094645105857084
0.6013246478965489,1.8864657110832757,1.908358162886836,0.8669101937217529,0.6535151374319208
-0.01524342366749898,0.8650819812120043,1.0190262174888458,1.2110937879360868,1.1733479791275083
0.9894722445388394,0.1780611017810576,2.0072928680824282,1.676846530545665,2.078713000984716
1.5130776732877007,-0.8854376822126697,-0.6877882032471428,2.1595060256910443,1.234403539044541
-1.3248194851064543,1.2359839726052586,0.12812762945737946,0.672867294524943,0.9299000607767188
-0.1221275091470777,2.2779350031860552,1.3581841425097954,1.5293665571816817,1.2220783744182864
1.0263262073209225,1.5274129625289985,1.4942016298446346,1.3041151430533162,0.4092648366962782
1.6070632139157832,0.7371096088079894,0.6563009938782662,1.005337858456705,-0.2239022849330634
3.290041666591472,-0.06600046139443783,0.2483395765369973,-0.12907539156616155,2.4835128162500117
0.4612823442513996,1.6303682968944695,0.043444457191387335,0.14511236153841034,0.3187532636611309
1.799043428348348,0.6984654784879928,0.7599701272346385,1.9518189919240172,1.4139931192731336
3.058432592508496,0.7016731548667368,1.6308480920481931,0.6346464726274268,0.036137258317513465
0.38363898649233785,1.0833638257674716,1.798771543245386,2.5600775590356077,1.3021414665129003
0.7667984630516699,1.6524904514304266,1.2584870057885824,1.7818761097571627,1.3262156176342843
0.837053230454963,1.7601393108160917,1.034752522916535,0.3999802932347896,0.7628257979109718
0.8103490338375553,-0.8819263866032521,-0.377169513182376,1.5635591355391694,1.8305759411043399
-0.35867988786396143,2.1022724024439787,1.1461840473649247,0.760356865352104,1.6925551717758132
-0.42999559059934206,1.541998751305501,2.6281345858974854,0.3911148182063625,1.1472889311959555
0.3636868593212641,0.8506418506273479,0.4268581088142991,1.472898185743338,0.14654968943064886
0.7302008771392943,0.009554612500904723,0.3291522470465413,1.966272223144952,-0.3099999121671031
0.8561584036962211,0.3891184950171677,1.7589803395715031,1.7723205015535264,1.282500503000917
0.9940620923480046,1.164240395527255,0.4575599980531608,1.0367228308340062,0.5890478410909878
0.8366529382522161,1.86832745416982,1.0436201161826668,1.6501460510832011,1.5948129155880952
1.9890006416062,0.7989252299586455,0.05464871962815388,0.3029077850302692,1.4241991624561083
2.568585100739754,2.5211121181700067,1.1198388740484266,1.5760637210547288,-0.08615419587990103
2.0931723416342125,1.9457272472383436,1.6472685780339582,0.5110753651746851,2.69601388042672
1.552348785467669,3.0921314795512567,0.36479881375407697,0.6835535986480914,0.3982533209752752
-0.4193838030566497,1.876881142952244,-0.6284014519555756,3.1175676899618807,0.11818093342156732
1.7275829944808068,1.4594194687527742,1.5940802966029894,-0.8472192868569925,2.169618836313002
1.6539624205222956,2.0874616997982507,-0.9624757752312731,0.4694920294361608,1.9200867493719471
0.8216506317036036,1.0183445163446496,0.2859546669269982,1.5140031203214186,1.0972051363032629
1.092672406182092,0.9863728670388701,2.458791585214548,1.6038361482538457,1.2537087119166173
0.985382229898831,1.9501112434357308,0.18640624168374176,-1.1068575420657265,2.624831275441956
1.1115634823223988,1.3921117118164756,1.182399983815217,0.8147159576132821,0.649101132982731
1.4352886485009952,1.904716541584586,1.4204599105208502,1.9087636665276144,1.3567748929055492
0.2562623936549389,1.7057963779196847,-1.0480270649704169,2.7395302939094006,1.106527257979023
1.3749161334788589,0.3668180394864715,0.35123329343983944,2.7017144728084213,0.5444426678236856
2.6826051530091446,0.3483356813858116,0.7047650179952559,0.3566476439007367,1.2229514466325888
1.7170764440037425,1.2953797842883552,0.7862620385427708,3.8004605155638314,1.0074191709870035
1.5499889411744618,-0.15292588168764046,0.3708347792417994,-0.2758414352820737,-1.6644267783337463
2.270666171999749,1.654643067784782,1.138898952039552,1.3489599955197322,0.4944750244491299
0.1827692060596524,1.2992212824908094,1.5800850250785283,0.9863213449520859,0.08150132222025408
0.6153657123357995,1.213075313895321,0.4135031651603682,0.03071447189918108,-0.9024293482608244
0.8687708932785984,-0.19024668960486912,-0.15724365458110268,1.4942119837827492,1.3012845371992423
2.4048860579267513,1.9211693616782444,2.1005644735360463,1.3179432835452949,0.060675796386355785
1.2884647115368748,0.5917265416196832,1.0170848346647832,0.9957699212068984,-1.0097796518173974
1.8714475410157443,-0.2563068074894745,0.06865447426580995,1.620568440691196,-0.548839468109789
-0.2330592153967537,1.2396984088470475,-0.02886986547787629,2.5235640561617263,0.06653513137407252
3.2668316819647125,3.5408773687016613,1.006263323635719,-0.1580049311851779,2.4264238137043264
0.664932078729008,1.7523168061437375,1.1457424590409009,0.04410353335176609,0.8279006910359347
-1.6314648417164177,2.1565728089210063,0.8228327645871387,2.5705743390922446,1.5598180179584968
2.8029619162651684,-0.10025555851757796,-0.4381452667594392,0.14072963084367007,1.2190449777027441
0.5978141512598734,1.7913800955186503,0.8513923152497906,0.3725692090083469,1.2418567709802568
2.7145978732176035,-0.6348763990621761,1.3545686913132151,1.6587696940223051,0.050703447603504766
1.5745116123078349,-0.2351790973292034,0.9264059323252576,1.6348578586639475,0.9360233968547736
0.33446091580074344,3.1731690715971834,0.33663752005963804,-0.08771649436456652,2.303747115021788
0.4988209860717239,0.008490960804587888,1.3439547264486642,0.3748515219509484,2.902620949709129
2.5935702845148825,0.8776593060265059,-0.0513000703101647,1.6232336711836768,0.8942655754428593
0.4078781885137034,0.5848521137621923,1.5715613985965449,0.4412569623125143,2.9867635057818656
0.6169271923268986,-0.12028148610906443,1.5155822661592708,2.090176292580722,-0.08180069726553585
-0.8149280233154896,2.7357373307365505,0.8492574067111792,-0.7113926525780709,1.178478414978818
2.4415961500736474,1.4044493450736246,2.374531092121396,1.2729766974841583,0.6415404296238822
0.2942570857551954,0.8846932708149177,1.1442127824947457,0.3033363032835944,-0.12768389738544994
1.0073430287575142,0.30041792970475895,2.454700981655685,1.8421055643732795,1.4262733458635666
1.6312223121878249,1.4519669647394722,-0.881128507265202,3.2461576726929096,-0.017914961716988254
0.7025284224844237,2.4242337919136814,1.047751971116592,0.7827891051701239,1.809607341030889
0.7783026385205258,0.7537001860052674,1.2434228027193075,1.4098930323984535,0.221069533202907
1.9671781413072258,-1.0934782515857804,2.3088705198039903,-1.323286395243776,0.7738387535044431
2.637604673554762,-0.9265710317446976,1.0966426313534463,3.179789054108469,1.28157202938561
-0.9746160939948714,1.4528071929923183,0.5035486703853336,0.7286353779655566,0.7263345779757288
2.04777784138674,0.7405891077948102,0.6243251578073826,1.9957020498412492,1.6367517837075929
-0.32412794000326195,2.8967815449047016,1.5229165419465955,1.2096173269003043,2.3181653621623326
1.33765705704885,0.9069060393095616,0.033377191112224924,-0.8591005859596064,2.6696602078302263
2.22977775256126,1.5969076592624547,1.4642363279309378,-1.5412056071167344,2.5500301907744616
-0.41217251138527294,2.1419653401398158,2.3428588070743155,0.17058797953023452,1.5028653275382324
0.2509911850431499,1.4660635281135102,1.107829510900363,-0.2999244141662689,2.088382505679586
2.40034692997554,1.5680353336901809,1.4267197456039633,1.5837211999610925,1.0902847655003836
2.7222107045962267,4.284823822324995,1.9350354608889428,0.12238049408231375,1.4885607214145176
2.2872433717598657,1.18316445721233,-2.0653702140364927,-0.960722483813672,0.6442593704029027
0.6946184027504068,0.8069668354580952,1.1815798276189657,0.19088257466446235,2.7243673619765234
-0.1625822477140122,2.8788004116611896,0.816676523015023,0.26709530193701714,1.9892710912459788
1.6952977434089609,1.1654567891946932,0.5688310940666563,-0.42758217816720395,0.7689796552279669
1.8934773767050983,-0.12737991897722667,0.4122624362738778,1.1607421038886865,1.0542106199704495
1.8643401812452276,0.6066498530332914,1.4101485841313963,0.19307734986353894,1.9569314109211484
0.8849812967823159,1.0543103582255702,2.3141800881913235,3.3034971617703146,2.1436883410137444
0.2666628424504276,1.3995451278481137,0.3764446455303208,2.3917836107417814,0.7475980562061442
-0.8269374440818621,0.5655310548207857,1.2974572288649868,2.3536409095854167,1.8448636841360708
-0.22106360330006192,0.5227511225970838,1.3852656988025542,1.551877393991943,1.0326215758785482
0.23690042538397385,1.4363913644750432,-0.6383687877760116,-0.2583992597709399,0.8516197766462686
0.7776448788458866,1.031893155646814,2.7938607900345005,1.1732996574508388,0.6316951124456766
1.193881186876582,0.588668985151646,-0.7079066451201905,1.5781407221131725,0.8450026195652536
1.9231779195434144,0.5154421918502887,1.2534777113230195,2.585354049281276,0.6953282125108378
2.708046670791517,0.3665503607285395,0.9830436127555504,1.561459670800852,0.20754289331936893
0.7406763579194261,-1.0092307371398979,2.402456828789424,0.4848505935809146,0.8355930025964912
-0.6702067424366072,1.568455139897628,1.4350441054062124,0.6346064746129151,2.0101117208311274
2.0395015162632744,1.0489536923777316,1.5571039642282307,1.5454997829952526,1.242423844039144
1.4802631444453884,-0.1887949665117916,2.7954917077050285,0.17849378264023552,2.0394966429019554
0.3904121505929128,1.906567733085032,-0.350528415050829,0.7015939573342453,0.760193342723509
2.2180049769548296,1.4578166192048132,0.8091751773875681,2.0746024311318934,2.9697497105083785
2.1979912729328728,1.0341530898980906,2.0664648365254235,1.1740360327485837,2.1980571472722583
0.6153031436373253,0.1234873621828818,0.1721978206549174,-0.6480525615833539,1.807598548031886
1.048243811103696,1.9451898851232643,1.2602529673988023,0.798768791664432,0.7686845196560447
0.2909421036665273,-0.12242367048563008,0.3763009656902855,1.3749307673884383,0.3812708233215691
1.31799876664949,0.21685542486449935,1.4212802187324038,1.2329175234536591,0.4777230444560418
2.2925570563353435,2.161835901431152,1.4074752179925714,0.7983219931440776,-0.01301633155666293
0.9679160232121188,-0.7854555708373181,0.6749789237256251,1.9366436798934288,1.6494391120557794
2.9597793318339187,2.6998539921062568,0.4455997902644917,2.0102144048892825,1.474843567352964
0.40474802909990304,-0.2867991595894359,2.3758705600992633,1.5928728037938058,1.9881198122648929
1.5312240419557133,2.16338815660824,0.5768837904596167,-0.38149592702457896,-0.5869766660374531
0.3104311225901785,0.7398096819545652,0.6631535888403505,0.08038716453561234,1.3036333455778026
0.5889725795057998,2.309923791555881,0.7624790007639598,0.8578228845891648,1.8831412792631537
0.3989333042203936,0.4719033035205069,1.3910271816826891,0.6111436406278552,1.2643415484448255
0.3665156636890651,2.3886595239273416,2.000139186709971,0.7134244001604773,-0.6172214071721849
1.8178538849265204,0.008468707047952773,1.2624678024771845,1.1186511789234592,-0.5569339036898302
0.8843735641842125,0.4172291611707292,0.977956670562114,1.372308983379228,0.8748130292203488
-0.8240410459727863,1.300776936750411,1.9676818189263707,0.8678900845506942,1.354278171441541
1.341239580125,-0.4289927237580407,1.3800101169868415,1.6117989767739966,-0.6537059697176895
1.1485977785730233,0.02059772334054022,1.2828112579689903,0.3899704203459574,-0.5965786363520149
1.1570858420445609,1.4754070608460434,-0.5280562534607107,2.2263128263997127,-0.2321327692808697
0.4611872976041619,0.928574096885336,0.7734264900253213,0.9386061059740196,0.5028161446016389
1.6229877222848919,3.106800871718121,1.4986406594949218,0.5503747567769551,0.5297914985803878
1.0691653300401789,3.3408689490270254,4.017543336622792,1.293694412929992,1.1414789323767451
0.8876709594785844,1.4267050215426642,0.2956264535201535,0.007527722490380141,-0.34946663071291706
1.6631753958667228,0.06345709733502057,2.912085793673165,-0.548809635809604,1.2582536401661972
1.9600104559760825,0.9235981728952763,1.2780091911844558,-0.009182840039699823,1.0546762248099988
-0.9092438962499656,2.5777582603164437,2.3289056749291137,2.0767946513125293,-0.989698391312988
1.6130212800559032,1.3833799221625789,0.726791558690834,0.8289776349119394,0.01945585102186209
0.4627876427513812,0.32381309295656396,0.163396428561704,1.8167182276635825,-0.17582715974605967
0.7652303994039362,1.8615100810012035,2.0963780819100566,0.17108761750514534,2.002706669121685
0.20688690046108227,-0.2983379658602787,-0.18097000072778013,1.4621132043487486,0.907437543426183
0.7406836919231428,2.861786865549086,1.7304037610305587,2.022103599068312,0.4738688182194318
-1.485208357533581,0.8767671476498283,0.8293108190834172,1.8795045403223003,2.550514251265732
-0.044694850275518234,2.484039102261489,-0.6688550058821157,0.1664591946085361,1.363313139592782
3.0787865299531068,1.119575777797894,3.3233863463119135,1.917024929956332,0.5808122714678643
0.4816073612687629,2.7935807675093787,0.9079612170653908,0.8039200224167462,0.711770899052306
0.8526678720915009,3.1025604256503816,1.8098340063684693,-0.0600672483578879,0.470779891722033
-0.18040657444940345,1.4318501282094216,0.7078194691597439,-0.13784692152338218,0.8498919392057541
-0.4932993362317229,1.3666996892527172,2.4582630338987954,1.1615558470356866,0.7681142494118784
0.8399874548218831,1.079108054088728,1.0837217455466808,0.4222937452664608,2.1330595074651697
1.6258453862939717,-1.5999501141099954,1.4157213772341408,2.653915368120668,1.8108221034606309
-1.7452560376561563,1.9268452314955224,0.2070409301456705,2.0798499919667464,0.6889540282853366
1.5450610371383595,1.4197277628138938,0.6962835620081734,1.654036247778773,0.32005169563879754
-0.2089198364897038,1.69680529846947,1.8823388806828842,0.33285048964952024,-0.7538269565161155
0.27413185979585697,0.8964723726907871,0.927883176975171,2.1340365926702995,0.8635075383966067
1.7700104987153031,-0.3366663921783581,1.1517532217778192,2.2019682621828105,2.8851800501818623
0.8148706284728531,0.5018310285820831,0.5472932108120632,1.3455548219511604,0.4914746050926117
1.6788539197499632,-0.408022675385824,1.2744904844716678,3.0453001821351093,-0.9467192165412436
0.2802006210212592,1.6455291030718049,1.437156807982458,1.883484757211532,1.4001388232531031
-0.028530273081808444,2.112073918518964,0.2966689503643853,0.9513088180158736,0.3059035780170689
1.7851421923111732,1.5956658663952228,1.6760006428311989,1.5988815140905976,1.725838060154559
3.6734276191128448,-0.21073621045320198,0.5597724197128233,-0.044485660235498166,1.1305028915290365
2.10624595910478,2.8293261646982653,-0.7822996267519446,1.1131277263948491,1.5612956333535792
0.8261330789680476,1.5026221504613249,0.8887569128069178,1.5705988640679343,-0.009900642566359918
0.3051136168566684,-0.4650081675485272,0.6750135846999035,1.1951633792501328,-0.4007769191972854
1.7669632042195746,1.6852046177644815,2.193929321951435,0.6636327436484301,-0.4595017379438296
0.3540550545355915,2.429446264330123,0.4637777371715047,2.093482657920017,1.4826579182759374
-0.01062196693540085,1.2598160012299442,1.4832801952861714,0.3679652794084659,1.4355793860772597
1.5849117994418438,-0.13616464806597905,0.5227510655784937,2.4521586900855183,1.1302070511821705
1.5766853454001832,1.074480975171033,0.6411525739570322,1.0542591417144616,0.018887561784229567
1.0012089411170442,2.0288427633369146,0.8653978488764167,1.7035471523122876,-0.7364281218485846
1.4335475766122976,0.6354797601513985,1.5925210071714924,-0.09791916152220792,0.8722321702274644
1.3136359624864138,2.771471911357023,0.9747956782202172,1.7510358481613282,1.0333537238931485
0.11982536996117987,0.9136032572708498,-0.19637471489195255,0.011444547127158587,-0.20319156081493728
-0.5071029342181366,-0.1867335982261107,3.4367201977838926,1.2229819308982002,1.4826385078935118
2.6274290279630046,1.4024261689514457,1.441262423502321,0.08647878002614429,1.3225175647924696
-0.5593252592505928,1.7273333657496799,1.1634521599778196,0.3691549937610924,1.5718168995714077
1.853960665010612,0.7024768747667185,-0.7689447309773267,-0.9609744382187996,-0.8230454509717691
0.7126904101284572,0.4291631348169007,-0.09359417046815223,0.3874398156695967,0.985292558829592
0.6777765658076337,1.5563884367136418,1.4499516750450558,3.657489894718817,1.1572232150182216
-0.5471839794893176,1.1327106861890408,-0.9503759477061406,0.7891910005105631,2.1046103406991965
1.1460006009997634,2.10660851359801,0.23661027887350736,0.643879874967576,0.07028298097107777
1.3003888941428223,0.7606973393677393,2.52943875303293,1.711309316266166,1.9223070172242012
-0.12353966445389508,2.2136133175283645,0.5426390117223155,1.990054781510461,0.021053419843215737
1.3613100972398273,0.1907780010198118,2.8992756591172766,-0.2266921851736321,1.8624366492752205
-1.2499540266958813,0.8790110412213944,-0.17870469029837974,0.5529075375517911,1.6452078420974576
1.7736728143412752,-0.8474939095676108,0.3400999832858791,1.5239392303779415,0.5403010383821396
-0.44698307398341264,0.0037395194021646594,1.763066034727982,2.9940807898372084,0.7805799525386128
0.5631885084588593,-0.01435762279060371,2.9441769621824694,1.80169965737353,-1.1684319621084955
0.7633516480723934,0.09108963804944614,2.8560309907912402,0.3768517792709555,-0.6240269150961177
2.1044098238386684,2.3633438859628617,1.1555961337431542,-0.4621656000768537,0.5849234498399019
0.6875703240883321,0.3914277415353058,0.07650041860261902,2.886192014047113,1.7507573569879742
0.3169665357564529,2.1863989482632697,1.6829868069273002,1.6796225286432045,0.192982567301748
0.21889519101418453,-0.12515803411256465,1.6348654262925266,0.2497609758860274,0.543637618663795
0.6943625665430806,-0.020156018617669247,1.3978024012493333,2.346753564735834,0.9384283805452636
2.7747352250651813,0.7746531976644699,1.5419867000224992,0.4083423067645866,3.1395096995459215
0.5208444170565001,2.2485051499353403,-0.2384554166732677,-0.6579174491685529,0.3026411950504168
2.0996640260858994,2.9100449709284084,-0.2533491143466797,1.9773489838920624,3.431423201016885
0.5202666960147857,1.3364312522077175,0.5633084280839826,1.864246201236628,0.4034350393751006
0.5361907594357667,0.7484694881600427,0.4063125251405747,1.7098721109179054,2.2216080384730983
1.467318499468059,0.5278155743131501,0.5496431061180365,3.140480082130066,2.0385256610966627
1.140995291851955,1.2836413052229283,1.8867848285911528,0.9723447654801916,-0.4113338097069139
0.6090747894372128,0.9397713468312512,-0.6181028618469078,0.8700979374888842,1.4563986908516382
1.2484992154596035,0.7035654795059159,0.7825620245869647,0.22165610004014533,2.8452226398795104
1.2621500243684527,0.5645849654463132,1.1701947059731332,0.42694193575146455,0.03125380950780665
0.6766200452747428,0.7492590518432518,1.5600970825998592,1.7371398291805535,-0.5397691032483125
0.8808163495093552,2.152703540865591,0.7628881626328433,0.9716683092126486,1.8614902033897132
1.1283700381475792,1.0967020092518165,2.72891696027939,0.19582551192836284,0.7916071591877089
2.8383786946238807,1.7394929795283174,1.6019336531200472,1.6953032874493106,-0.4222889776640853
1.1796272847914058,0.8427858701309724,-0.2119478189349533,2.1668564868639106,1.2600530975635729
2.5356092573049005,0.8448693454939415,0.9562351736349052,1.913256900036079,0.3893322812944933
1.7441959159662273,1.352250436140123,0.4531548313094291,1.1050867990982427,0.8309207034324303
0.8623155446101008,0.9390175070700773,0.24216647074920195,1.6549318705773082,1.493034746364068
1.7218272009916564,1.005431838458795,0.9139004068378872,-0.4556632245221592,0.10691495127199767
2.5950782618881902,2.5528457507373368,0.7467975276201381,1.8470631504404988,2.1847672580606528
0.9818509902442716,0.8611619660617621,1.2736727050612728,1.119648548889128,2.3873183617320817
2.222778067820583,0.12696039690741398,1.4519469701613654,1.1010356677527582,-0.5510820012436803
-0.21329750557535496,1.0450547936767016,2.3680989650432283,0.37969302714410347,1.5106915636730096
0.8152341774701174,0.4372297476284616,1.0645253527891774,1.4097845257305557,1.4102659550600958
0.4029923969751769,0.6747531448196662,2.1069596875466825,1.783722162787849,1.4052555279000662
2.8185075378366538,1.4036089847140902,0.6696546795643493,1.3670711202198735,1.2569414547336393
2.0196984731458043,1.7864085625706476,1.684858026270111,1.5273793524127597,-0.19939989678261272
2.734623914199698,0.4641618997592545,1.3346492222445805,2.6843736405637433,1.5175877647314828
1.5362998660489704,2.4994091250376345,-0.06446561376648896,0.9673586970918086,1.9445440697203769
0.6799386754513064,0.9470524475301432,2.148255746590051,1.291767348336228,2.0383494706553296
0.33846105898155243,2.1495374065478132,0.11563398999809835,-1.99149069553652,0.6134257220867362
1.2519316879711797,1.2520748905703405,-0.435333634199758,2.6381496649298537,0.12849794522705704
2.005066036954721,0.11115666770681264,2.262030086910824,-1.469388919089084,1.643300307207328
-0.000983549833345254,0.4925150340825837,-0.6848013897711898,-0.3395288464585198,0.5021773205816267
0.7338450855367582,0.2588107797321214,0.7802059276352156,1.120300995515253,1.1747434065716515
0.1554350133954837,1.3174263597883598,2.4729464932387137,1.8770137801305444,1.2022150789481412
2.5403897676746867,0.7773548906878349,1.0731884182079223,-1.1681106077642998,1.3156897350213264
1.911986732529657,2.63629518480856,2.8898133186460737,1.8701628252956848,1.3382956499011909
1.2531961360272392,3.03053609063991,2.0386199932796405,1.0569316432998173,2.797655911628838
1.6200123085102502,2.2631387493012207,0.4947956924978882,1.945297767874744,0.8379243173076762
1.4148695246841858,2.0377268508146082,2.8913655241453182,0.9086425287975199,3.9023264069362846
2.1150228711076484,2.2574561609554045,0.4996390061039971,2.891042923758336,1.0622366659172824
0.2364175617267705,0.329703944206358,1.0465437347174469,0.9072290174954208,2.2926093130502188
0.2487603745443232,0.418661872791965,1.632085081235624,1.3294194269710429,1.2097090011548226
2.5703094677137024,1.272087163099553,1.1665631715113212,3.4894906922314366,1.3619843834364185
1.0706093214494927,1.8321490962234777,0.8105656031702312,1.3123088623531465,1.992884972465572
2.333183045269376,0.8794142032219376,0.7249218595246922,0.9367753676294168,0.009441002643185259
1.6216617867859648,1.123927087221564,0.3452917266665889,-0.7805147582664578,1.1927338861106238
1.6786777293976318,3.126439692917871,0.4175652397474644,0.18363972166987608,0.2569186028793896
2.4590026604965134,1.638666834067614,1.7228444404495602,0.39986150690148814,1.3692324498035693
-1.0933976994234749,0.3783265195484503,1.0266852164120115,1.2569146270490452,1.5806366878420297
2.5497047532474806,0.5029192401315559,1.0303554196908629,0.4924733464174194,1.075757924597201
2.2289847407530106,0.7084061395155046,0.6401955641165562,1.7772676362745687,3.3387910188095153
1.9549600823544029,1.1569715109322118,1.9207848428130057,1.5571304323466473,-0.6208591917135315
1.0754168355590343,2.7281106417283714,0.23511574693104664,2.9063557301631144,0.8757565742141228
1.4144811558346535,0.7020081811498483,1.7689525129113512,0.6549529898595898,1.8700924017727332
1.0459151815618708,0.5218318053365161,0.25649901313686874,1.6861655214783084,-0.14526101061419228
-0.2979390419837471,0.5653527324583206,-0.651900502147643,0.8852118658355375,1.6894460476628401
1.324486910193703,1.1727688665355485,2.087984754802874,0.4845343628950569,1.4184836775323857
0.2422570520174953,2.1849200938414937,1.0051277291562246,0.7634956984638688,1.313692150377688
2.018877424121472,0.6858018491232154,0.934188195595417,1.6530842892327051,1.5835132819326652
0.9278733462492156,2.2441542828940038,2.5109374590547517,1.276521769316187,0.2919493150699748
1.9822439099548363,0.9619674124734184,1.8438089643038544,1.9859380756799432,1.1312786408571
-1.7173729462815022,0.9223638218425632,0.2626137383332098,0.39912302516889264,1.5634315375309027
-1.1992641997535496,0.06625188152832961,1.2738914909234875,0.03117023295414933,1.0399295149095529
-0.2784645492890037,1.0969282695682394,0.7426859448464554,0.8382398400821311,0.3138265444260577
0.2890249552304228,2.254721277539764,0.293178470943823,2.5195571322662498,0.671354440556581
0.5970462006105175,0.431751440458954,0.8018423306828169,2.1235168711938748,0.07367190976902382
-0.250509503836142,1.7487985520878448,0.5719986824895984,-1.234064975540329,0.4562512728009506
1.5725315479460895,0.5364707937188549,0.3384719908700621,2.9076653964126367,0.6580329452600842
1.9368845300917403,1.7541061770996842,1.972300211729424,-0.06129823218516073,1.4435027136694578
0.09010596284048644,-1.6224528819022614,0.7479342416924516,0.8517749214550523,0.3227477433389561
2.0486639482034628,2.5676488358796146,-0.10241199304574188,0.6318379217250267,1.3359516110885283
2.4592157084564743,1.7842160576710846,-0.3386285232413797,1.6105821391776662,2.1088133381294973
-0.6578204958847591,0.16871312785056647,1.3774459670415733,1.6385951141502402,1.676197012008529
1.3102696316681577,0.8553838790481371,0.8183320622779594,-1.0976617316471566,1.5117202080564105
0.2357372224498183,0.529664861856606,1.0918824046749134,0.4667237746035186,1.3241789705951743
2.8167376833042836,1.582630398483566,0.7353613619545759,2.0688283472710567,2.884098771422181
-0.3113498732097593,1.5312303544784245,3.225467918179495,1.9035842171008384,0.9842857512228952
0.36779500684981614,2.6632441464473158,1.211581805475634,-0.22276646604819672,2.0384203807227284
1.7236625418418434,-0.3719065681434208,-0.3476130335847753,1.260342533158882,3.753315362743424
1.2288975692358868,-0.40958083827924896,0.3608388387810374,0.08753802692309988,1.977524145024769
2.7639193900806243,1.2820591480547123,0.5849530001425269,0.43720273218299655,1.2660400376566918
0.0809026699363109,-0.9399447230308222,0.7774917062373637,-0.3230751038085804,1.1835905038957748
0.10498464757613436,-1.6579345263915917,-0.06549987518207834,0.9569730480867348,1.3478439913610254
1.5865462961130774,1.1267679673452171,1.8926008799378276,0.8413124726385987,2.5619605093440305
1.971990799245935,-0.08988410586532103,2.904562717865299,4.457284297384326,2.461169582169587
1.012784179960329,2.2002814743905907,0.252980649671007,3.0325134845533914,-0.3796677447789885
2.0973996439983638,-1.6688069368126972,2.5391450601839094,1.1577603883347178,1.6587519898231349
0.8706287245548441,-0.4327700668938881,2.9018866525032934,1.902566961999008,1.9795034498358592
2.887756372393945,0.2650349632696679,-1.0069339741385686,0.968171150468048,1.7360155553570675
1.210365102697063,0.2573584688947712,1.36427998479711,1.2564100494044796,1.5568573662704652
1.3602054477553824,1.5062036127252971,-0.4313587237459196,1.9942224068735408,0.6448852312845242
2.3122106602021275,2.325162035461787,0.0996295137159936,2.694088335895403,2.4989720572901097
0.1904113464592938,-0.36726057503566456,0.38593666253666,1.2886038839748806,0.7365743621834219
1.4121681041195653,0.3210570799941198,-0.14877044070326728,1.340160400732035,-0.06955322910606697
-1.0189691827461045,1.443839827909415,-0.4928845990285189,1.1564434275298694,1.4811159013799895
0.5253909243753111,-0.876406705043975,2.1735660534527077,1.4232738784596926,-0.7874200117471539
2.09507080904499,0.018646896038404748,1.0433538970872271,1.493103158858711,1.4090645413918557
1.5292656555668511,1.7422673256086405,1.4044742173421296,0.4118319058379465,1.4589946051963505
0.6158017759324184,-0.9151201125976564,0.8666812481526445,0.6268730692259028,1.1478519510525511
0.29338275599711705,3.1045338014070345,1.8459793413898056,1.523075802926157,1.3415746445836605
-0.4574001711799722,0.8722820510782388,0.11446744960538167,1.5668701764948334,2.1765785242726547
0.18787258960060327,0.6042468083276635,1.9560023992816111,1.4381458682400137,1.615741693280532
0.5853447280698834,-1.2625880136827463,0.5993499148148289,1.0542638277363523,1.3483697418747222
0.26389975934025434,1.3719270420507506,-0.5364366153113509,0.021034238386823726,2.1855638413540737
-0.5358739725238633,1.29365191137075,1.5258204664023451,3.368218760806433,0.21112631260178194
-0.4967541801041189,0.1712552751189711,1.0280676104607294,-0.249617485640212,1.9050067154268888
0.7536935573939048,1.7096283398385632,3.2444843331744737,0.4297108304900065,0.5878674807487868
0.6339315117352546,-0.7078399245205853,0.8687219733464102,1.1739755856562182,0.5439716644937921
0.040673455096247535,0.4309628002550977,1.5193913184112489,2.2040619687293974,0.13731015481344044
0.2394643484012248,-0.35973529358594325,0.8099510672862521,1.6823560157568496,0.1542799436079645
2.5513333903776902,1.3682820797568878,0.022490819585024968,1.1261019867832511,2.994013005115897
1.95500457220646,-0.8183079597971505,1.63985182940139,1.5703866573683891,1.8383894557707696
1.9805676832387396,0.8780473107267779,1.9931725338491355,-0.7128462314050694,1.1935063184673382
0.6375621322492231,-0.1375304016417287,-0.018992673530064064,0.410661062119136,1.8040930168906284
-0.1434022443214722,0.4389062200248621,0.1756391736013303,0.6390426063721503,0.8020330147580759
0.7880855464979453,1.404320543046078,2.8182871879761637,-0.24273559458940566,0.6576321504520202
1.2411353786056334,-0.07760748553751662,0.8709520431148728,2.114164580280488,-0.0829858137647419
0.14231443345680572,1.043875325846287,1.3900324949849137,-0.2520829990540898,0.3675398592891874
0.3337087336460063,2.9638435174364157,-0.4773326057648399,0.8793313352799024,1.7608231866806876
-0.4929378586421267,0.2848121359896646,0.008552770799388655,-0.43679822295667137,0.4769943600119282
0.5024625494018751,0.697369601124613,1.6837590622458496,1.190902424362585,0.8367541921288179
1.5255682261848502,1.476689671937378,-0.08107258733406164,0.3667106918387204,0.7003229775805101
3.1738668517540343,0.012307925032843949,2.51157460356585,0.0640926739090677,0.8812479771930075
-1.0863687753031621,2.065126860618048,4.348691280926737,0.11049965695082753,-1.0412921997180935
1.4402380483197414,1.4571766507558392,0.987690404503162,3.932644072512889,0.7449703963148937
1.1514958355600415,-0.2403336145751345,0.26864542964630844,0.976512711660206,-0.250151507813124
2.1920150693189857,0.7379181506035678,0.4695070018231284,1.0760584826679187,1.289026008798475
0.8137390780827407,1.5263423167014856,2.48763943722758,-0.6123783139896548,0.21361539188236603
0.9808722256650876,-0.415878184271949,1.6799320804546525,0.4497026348973912,0.30309090257677296
0.7275796235895178,0.8817573405292203,0.030363402074046086,1.0329146815144614,-0.08730489111082608
0.4338426836875915,-0.7262169863272201,1.803546727942685,1.5486145415569543,1.6989992693026836
2.206688023034931,1.8701737655587385,1.264559431918316,2.5617580744296395,1.057495057984936
0.12046770861593305,1.3538164341790524,-0.4912070351495354,1.831506720898504,0.3691734750635206
1.5206292765346396,0.9508779712469371,-0.12542437246765248,0.7136757784303724,0.26295243722716233
1.902108532931044,1.4142714193764383,0.814743124325818,1.2953057401721428,0.8265280097524139
0.6127033908988939,0.10359427630488703,-2.0939905987423737,-0.5003791261998702,1.0142152642644406
0.6845107082392288,1.3236623549438404,0.3003247634160435,-0.11477845744135727,1.2633191043102583
0.9192196119177626,0.13472721941346075,1.1149928742217938,0.3732613284958203,0.5793963971272276
-0.21840062728328768,2.6180098871398934,2.191468915096753,-0.09625398657556294,2.7479511192181887
0.7322340085016501,1.5443047689161853,-0.7469032882802893,1.7393925884287442,-0.04045322028221343
0.7734021009246643,-1.3088538386019604,0.5994719135652342,0.7529562371939158,3.0552725325180243
1.7851473156430249,1.4376757832306652,1.2014019271352048,2.5854029854760983,0.07473546811553622
1.5593097997951673,1.203449952395926,0.7915327968315717,0.2542524765249511,0.822895370951318
-0.4736008212526059,3.1888023748556407,0.038287076315163926,0.02015315744668233,0.12716714341192134
-0.6029749654106087,-0.35927918667565883,0.5533886887744932,1.5454591241016853,-0.517124483883008
1.7112632224066309,1.3322843918967762,0.8194629368044515,2.6661040283364006,2.2484196650040857
-0.32083844392774985,0.9668960140857056,2.2735829524469406,-1.6894318360359355,1.1916468651396779
-0.7842099648166367,-0.5640938252864953,0.620410845661018,-0.07937747946523355,0.6207455372150481
0.8098954170835277,1.5081197808464095,3.0354909715090264,0.4721711201443906,0.9588272398566934
-0.043568939487651726,-0.9653884560172878,0.3921200412102625,0.4488866644743879,1.029158855131213
-0.239355898582994,-0.2760801635340855,0.23847065071389795,0.8751491445638147,1.728805356169809
0.8505830986339611,1.8534990664700977,1.112053249919043,0.17806330671963566,1.088430550403528
1.620801386816754,0.4576617178113863,3.03702911635267,1.4073356246674562,-0.7486875341465995
0.29070644773419474,1.932004965956464,1.9758738333199544,0.5108745024716782,0.6124023073690088
-0.1919863073540038,0.4054321643986855,0.7604525901549472,-0.4925096778625917,1.4325677702339985
1.1452892401120909,0.5172959176161978,-0.3577458155811215,1.0491043552569113,-0.6921127855864686
1.7690392309813578,0.6703233862455864,1.3176078969084275,0.12268435027925385,0.08015626759215799
1.9453059201892204,0.8938136909835372,1.4566293758822004,1.2641557509121335,1.5624748680756984
2.019729075820821,0.5057061935437928,-0.2360411391161472,4.15661512471452,-0.41121319865007977
1.3899058231092123,0.7363148247342194,0.5131368607847094,0.18836399988429772,0.031619848016395384
0.6339872453588296,1.4530532738787911,0.4912532460644645,0.2409717869574405,-1.5192151019660658
1.5861718086917065,1.4158877132276626,-0.5761450316619163,1.0486549038933557,2.165790649154622
-1.9677067114436408,0.6701427072762899,1.9965936417908647,1.174684905773704,1.0154941131713535
1.1899964687097495,0.1220986164086687,-0.0046271053660478225,2.9618325259535916,2.0149017021731765
2.298743981812783,-0.6569871124496747,2.2712699537602257,0.564115311935502,1.2577889178002477
-1.0223489644771324,1.3324264879770298,2.1987127862123987,1.736010149279872,2.4427007526497606
3.197388984568025,0.6745381893302079,-0.8184109810938152,0.985935528841285,1.5169659583293942
0.7984530113941579,1.4320918335831956,1.9080811172277377,1.960751139340408,-1.2088375861544405
3.1498518138505363,1.4135708575520889,0.7784593207606988,0.4081237502393889,0.8511326886026535
0.7591676127994129,1.4312111765762203,2.2788675580077182,0.15975711769615275,0.8421941834844642
-0.03747006041521339,2.728548804874632,2.9984717190202486,0.38082854330240057,1.9065560507348316
0.999779209149697,1.7796720696638,-1.0817461843756044,0.5882981525053913,1.4344403497945308
-1.4344158189426737,0.7021474393512049,0.10223888291106242,-0.937173823315948,-1.1734405067184
1.8047985355852796,0.3183398217408589,2.948013061111168,1.3306507786035833,0.8537107003185062
0.6427704793654995,0.5549741937921706,0.3946441787638579,-0.5987655754670111,1.1179802706600266
1.3095929412231615,1.0621111873698703,2.835826657948568,0.14839353276016398,1.548922868002665
1.9269548530761755,0.6011375862656192,2.4695380819241013,0.9863140399763064,3.3126214821858837
0.8261960993079123,2.6925203968991207,1.9890344078056348,1.6823457902048755,0.6600013760834395
1.130653487109834,-0.10429471891224228,-0.0134444216266425,0.09029462637851204,1.0143053902490862
1.80398505598417,0.1911688978122018,1.9120011297178336,0.9122217481629896,2.7857921947399134
0.04679979784428756,1.5120346032614846,2.2995599986345434,0.11660958474970895,0.7184315896018558
-0.3648567710447319,2.1822469261045643,1.3670237128628586,1.2393446867355835,-0.27348088859095304
2.0745070901590617,0.2698171241981894,0.4831520274030612,-0.8936448151427769,2.7239143380996937
0.8889918247731556,-2.0522519560285284,1.9229100111885653,1.0658483389139406,1.3791444532986905
0.3615226318762276,0.2427226138068006,0.7147204299972184,2.064330546495348,0.6555954287019495
1.6269289313942958,2.67192044537864,0.2268949390317105,-0.17299491230363162,1.6322715469913285
-0.137085116728054,3.0802091406784045,-0.7344150986661386,1.35408992312999,0.8591791035598157
2.9141137536396293,1.3409215388881799,1.1707435742510464,-0.128134048577502,-0.09360693702975187
0.9784824533249163,0.8630674283538888,0.8275138261467212,0.4878030465498752,0.6660645843388742
0.4670135543813642,-0.5060230765342466,0.3378752603717005,0.8306572748096441,2.4642292048184493
1.198097902015176,1.5527052080850994,0.8624853764689553,2.070501171739836,1.279954248987334
0.817532749357886,-1.0514525519587568,0.05814673510423296,1.4640918213594114,-0.285324835115524
0.7876442170150428,0.02229075032409133,-0.3220662717466141,1.0004063930418106,0.08957534193246107
-0.057107146736743226,1.6173117079782195,0.6982287304160761,-0.3960099475256562,0.8695852344012289
2.4453533583930933,0.25512536350364223,1.6434341835460422,0.11172884964647813,2.281908355790104
0.602245071452704,1.4807943248458328,0.5490723657065412,2.454612911659961,1.7271571121319875
-0.411257308436757,0.5727667475720769,0.13597104225904946,0.5801146493933793,-0.19649590554970486
1.3142796341705942,-0.23592917961605694,2.2529642881034495,-0.5500500523395884,1.9487008591920252
1.07012269869032,1.5272017288087336,-0.3634644101682301,2.247369829197986,1.330187238337076
0.2720191708492523,0.24764251524301464,1.3302282562704084,2.4180755992769893,-0.26484938004799896
1.4173361692833015,-0.1588243661183244,2.152889712786559,0.7828780523596816,0.6583672941470687
0.996327483027779,1.3886956845393148,0.4744793359851219,0.30659991287001265,0.011387754521923754
0.6283696045371723,1.4083861226369805,0.9447180005772045,1.37994989914832,1.1091283981955466
0.9951053248447084,2.5632688829119217,0.9409076393268364,1.9675505554414725,0.2265026956566031
1.7143540083556823,-0.8341570075957396,2.9087840600669916,1.1560413911092646,2.0141730930970603
2.7055349802493756,-0.4198860907351949,0.8283954422505113,0.922102088771355,0.6711536865014225
0.14983587937960718,1.8232696879681287,0.3408972419609197,2.0828981255162984,1.3322936859526269
1.3654693287442041,1.5428149006038538,-0.16574619521421274,0.9317644760066791,0.7122460752936954
2.168302376496273,0.6659635490589666,2.7610816763713157,-0.2969306520819097,0.14798404585402136
0.21072268319402565,0.2519262591165921,0.9716379339800588,0.07452038566728614,1.6881628396134558
1.046848642984211,-0.03123812629339362,-0.18496903853497185,0.6205035929836307,0.5391327629651274
0.8104750052609753,2.2552451506543947,1.1150720999459516,1.2074860317046772,0.3388301990502457
1.3670163152923085,1.3955242188246366,1.7636960654410043,1.6457945790864654,-0.4169140467670247
1.9334285644421283,0.10583086919414343,1.0356621587908392,1.966359978055496,1.9869357317139391
1.8408762290088638,0.18829567021266905,1.9656157765951756,1.7659604572116339,1.668695708070144
1.6324392034668171,0.4018061134543761,0.5551833918162158,0.550660613289452,1.1522163924440871
-0.2776649822830637,1.563420948753273,1.4614293716543871,-0.3256742534958135,1.069246520370697
0.42574649483265736,1.3918036075839215,1.2182209617910948,-1.2669840872381384,-2.03943695357336
1.318496503489031,1.6182692422966136,0.3523696113440561,-1.0130518540050295,1.1269625028858714
2.446305299779844,0.8031127525357136,-0.2999107237537393,0.6536708621132983,1.7838271441813205
0.40630744228143145,-0.24572988102658355,0.2794278378811147,1.8552448849962253,2.183716526303992
3.1277308052806814,0.7185050393581565,0.6375949555199607,1.2003300304147595,0.8726178309179186
1.4908515422127735,1.2312357270797143,2.949675807243057,0.7676478321847737,3.6825965850022913
0.18764079250329213,0.9347385601444372,0.6124865134863027,2.4251254996658256,1.52525717225531
1.1569319314235424,-0.3688875218121921,0.7319566995289687,-1.090869332742292,-0.5840102354765822
0.07400143709498519,1.2599638804370803,1.015333595963983,0.1690993456675005,0.9169714654469971
-0.9324781918082508,0.7871213272136836,0.8323589484203381,0.5748485160944046,1.1142050922840416
1.6393891567503458,-0.4520862798943728,1.0294007960318627,0.8572332577761701,1.7586471186603023
0.4327724835921074,1.6275077738290984,0.6356740113283783,-0.15564566627336252,1.9808562959477607
1.7490446441002718,1.751585177179246,1.639181691412233,0.13733077117670622,-0.1263455516899752
1.0835076194092137,1.294566003143118,-0.05015859761225338,1.445060934461902,1.0056217885513357
0.462028394215919,1.765428102967554,1.4904888387113862,-1.5977897378833081,-0.4969465471880101
1.0628696740788228,1.731420068854392,0.24044435201548364,2.4673500032604627,1.901772028743084
1.2621271682286512,1.4842649052117258,1.5708702944443922,1.8295618551951431,1.8208229846146435
0.342792737310202,0.7696910580798347,1.615764989778535,0.10276129239551346,0.5884697643446811
0.4919796812234244,1.0658081230401035,0.2614136201367848,1.6967778047044328,0.24268569287276345
0.7461546314571905,0.3242776069438981,1.4441380783187263,1.003231861947402,0.18961413837114893
0.8119820918720281,1.4232235063032928,1.5187878052852284,1.3755755076038394,2.4577499731148413
0.19254212433004791,0.2929604955087132,0.30783416244060635,2.8986565338703816,2.2192760918681733
-0.1607907751518478,-0.731379562293337,-0.19109908649640414,0.7869794252271023,1.1357143480287069
-0.06233861485877368,0.43092321399163613,2.5162359875255085,1.0944025923682021,-0.2544792172476804
0.4580258907471494,0.4918132270305859,1.081593849754305,0.4159830436738787,0.7323332955212071
1.3371149828368278,0.04111687995878577,1.370955122918157,1.0429843314148701,1.3207705010047
0.5438258184931027,0.2526766082068126,1.0552602782143148,-0.3696535238814687,1.5695615549774238
0.021916931379041826,0.8603548905041043,1.4509338153050542,0.4863858349102232,0.5639736352119903
1.7717436241824829,0.2648164394375372,0.9063953540904336,0.8420214904679277,-0.16144588740903545
1.5473537918225313,1.9661247773561228,1.1535806140882572,0.6660859769000251,1.6506939723227196
0.28539933739736256,0.8281293322268888,-0.3952716548760109,2.2067550499000106,0.3150254026605677
0.7853077715804168,3.191831277413817,1.8874367868731439,0.6625542325709054,1.855039825709843
0.2596720784973491,2.2566591381626453,-0.3942392442184504,1.3479331390147984,0.5768481853167984
-0.0956243369839822,0.574227863644681,0.9227954912637268,-0.07177348432362529,1.4921822186262086
1.1962390370371208,2.518840336585499,0.10950059831754166,0.4748590830789873,1.4181663384953542
1.0771081416638195,1.634659552702885,1.786848043219046,1.3918960333027943,2.750568561300652
0.5799593036248802,1.123580324019397,1.9650534661281744,2.706546508665558,-1.6526763227714794
1.3066474822126182,1.5161209428165812,0.9222317700685004,-1.2989973788926754,1.2937229542780273
2.1979398466534388,1.6083051689211278,2.303995697909484,0.17883162319934753,-0.1173492891731618
2.4633231287047987,0.16377916431957396,0.6785900921123447,-0.1726912219041712,1.5789341250937603
0.5049309978816967,1.3315032881614244,-0.33221052481176994,2.482578630756273,1.6382590506004582
-1.6628283941226147,1.9013899171722315,2.590155699815618,0.7194423939978032,1.2963199023624594
-0.39163328924006996,0.543384789426387,1.1003373044670626,1.293591995213115,1.8906071086055791
1.1317819167400929,2.1547674494063545,0.7347127025854603,-0.09945273915328157,2.523431412843542
0.6089445142429232,1.5877592459101155,0.29242071186665586,0.27516021332462737,2.466361757483696
1.59525877388204,0.32848716264857514,1.4619671291893004,1.3240055738544296,1.6671750138428283
-1.0403249352863575,0.4174823244949126,1.7440010279172231,1.3124041045847663,-0.5712753681466638
-0.04307996234173861,1.006358324955123,0.8098652709528715,1.1523938458632306,-0.5196315239919675
1.5785235782386526,0.8244571199642083,0.13943823850274295,1.6913937361552231,2.400658840608993
2.052500366746985,1.4350246326214835,1.541523190857362,3.7259614929738833,1.7556065182752736
2.612011642372273,2.467626226733549,0.9933809193114044,0.0045360166746303285,1.5142194152716162
0.3508098470392855,3.0247972904029097,0.1153910374264443,-0.9473256947546512,-0.20816732935815566
2.1921353397280385,0.2615045291980628,1.5281668283616598,0.010881286624732978,-0.8971471465859475
2.526449848013597,1.6697773937393006,1.0000069131946672,0.1218405099666222,2.6610799116209694
0.16907207308482108,3.104928117265367,1.5017665714999548,-1.7324268868873531,0.9355393243298736
0.5248324335278202,0.5071171862122887,-0.32276075781058844,-0.612138442023531,1.3372417486474089
-0.5767557163422876,-0.5763199425542938,0.19080187665195406,1.2291857770716192,3.6700994829119913
0.5123607662096876,1.4812490862225631,2.5472472470893863,0.8139736556340005,-0.2438397092775641
-0.7317306745537626,2.1024779063928603,2.492436382699389,0.008877287928020672,1.3833427455994876
0.061799363513857175,0.9899823942551934,-1.2975059336049943,1.241846969752948,0.323277249176864
0.7927540493535189,0.9213713974960088,1.5147835470457245,1.9800921131310647,1.5408883135013705
0.7023061509841978,-1.184288531725449,1.587037071840156,0.3767094036817047,2.8824877356140317
1.1260420762581356,-0.07324365295318791,1.299995477911146,-0.5587754673813463,0.6606286439693705
1.831862399127468,1.5149831305531871,2.009991638242794,1.343453858704298,0.2243594505253608
-0.32241354504681063,0.43272040750281693,1.2598384936047,0.4427250154322285,0.030948007395317
0.7198389964656754,-0.11167249724138273,0.8075359347651923,-0.7793050975605521,-0.09884053429050388
0.13880953333147786,1.0210631424276688,3.0070620894999203,1.4005145839282211,0.41992247105926095
0.4416989530699712,2.5158291557243606,-0.29207771902390234,2.475440227427015,1.481276055545949
1.7449390711733743,-0.9429748581522408,0.8390953962893438,1.9875120237469277,1.7365461945542893
0.6197250612626123,0.6003499408133981,3.3805126415544464,0.6727605879053258,0.6408051705375137
1.09344949718309,1.29896074435424,1.8594043075689508,1.864395924445864,-0.03320915076921005
1.2913804304115652,1.0445870408103162,1.531903002490491,0.7211135444195016,0.855811966014103
1.83740472808079,0.3176159162516041,-0.3044230434037929,0.6152085868692558,-0.4715962313872479
1.0747633619562769,0.6807757361118061,1.565857436899016,0.7598290787372741,1.524670248051287
2.801720287668544,1.1047738323758522,0.17150232663954926,1.7966026692939543,3.185215842928588
-0.17960020923815745,-0.8989153628164008,1.2644198677588614,1.988956191329172,0.5294691526341158
1.2710478354051598,2.054572450026151,2.9962640374761413,0.5399583473632223,3.0477204788900853
-1.813373590201545,2.2465193650786612,0.7495412218887859,1.9532953227815992,1.463347340679712
0.8614127890693409,0.5221860415090369,-0.5544525496233349,-1.3418799562671753,1.0242906384878594
0.3385224272509043,0.8579841253069086,2.6318305298846587,0.7171455804624093,-0.0888085603133777
0.9457788911665809,0.924531873498584,0.6325075070679455,-0.7476951717758291,0.11664644180353954
1.194947819020415,-0.6954783839515686,0.6099980850668947,1.2443932278290009,0.5180890366288274
-0.6126390983066576,1.4355893706437723,1.1148974907334646,2.334398364178188,0.346873329729434
0.39489781603354457,0.7077337149125852,0.4655042348549755,1.3573505394497936,1.2399989459877871
0.9976393503123044,-1.069735657809432,-0.10941157938974301,1.1712382022961696,0.5122335690363928
0.8510913905637094,0.6801804353682269,1.242669144647922,1.6003961609293134,1.319647131459612
-0.5336204847358725,1.93495307976998,0.4603592954313589,0.3972203344257734,-0.10229816948218008
-0.22232376606015916,0.04396365174631789,-0.02515561536928601,1.6357531341685547,0.7583263214930996
2.2161890243042217,0.7997798893475088,0.8763063037099424,1.526505339726353,0.8010104362020993
1.605386816178017,1.6585650467074529,1.2013304344614295,2.0732956109728957,0.7002604185554688
1.1685377102683137,2.7487144845845126,1.4067694880437478,0.8330893781184512,0.8227105471006539
1.1722729502320752,1.2334054688558094,1.4132710794718508,-0.09814725233701016,0.397614626763132
0.6521696274196997,1.4020493270896297,0.9950005724632116,2.326352198569185,0.974706730016678
0.9035381999668964,1.4517290578378386,1.1888911202957044,-0.00896236838241915,1.6677120929310665
1.3535756133236194,0.014400845252343197,0.4181480188827026,0.8553890171138391,0.7950143220280856
1.8717368063362836,1.3075157464949403,2.2833119040561907,0.038186601766860506,0.6820272771595188
-0.6816498828948283,0.8931296404277741,0.9713840072469544,1.1103349475537858,-0.7179677193546343
1.7998925750955168,1.3856018657791065,0.4045165610436042,1.0512833838830131,0.43151582214403184
1.7683698922142752,1.646162957501776,1.163253074286722,1.1928982904171306,-0.22428179783000024
1.035997478683444,0.5540660308550198,1.7912851159687535,0.7058529022380524,2.426770855986603
0.8107515586653198,0.12845526505368288,-0.22794518355472904,1.2204825709933325,-1.236915463249901
1.535086381366866,0.022467645144150672,-0.22093813703540002,1.1922855111464241,1.0385835946973179
1.6500524613540826,0.7100382016375517,0.5629135492751858,1.4153253589409749,2.303599937310665
2.761416299844345,2.3440709443092977,0.2662775971520711,1.398081621214388,1.1625037759228851
1.2164703759814703,-1.7913276553713071,2.2000381277269687,2.083335025715173,-0.4647015706295501
1.094283938424877,-1.1257187344099964,0.7041844150204766,1.5683200228962924,0.7737404110256648
0.8803588209904092,1.3630229392440811,0.7232771849628428,0.6158159951622375,0.6336439466134483
1.6097280400272362,1.539508866801664,2.5855608151273644,1.1515145121574522,0.6641594342263651
2.0228395729181,0.8900173346573961,2.2025458401860307,0.2766578437432162,1.1546467152679851
0.6505820466951864,-1.2044505262949707,1.7660014083949649,-0.06673531666459609,0.5822780080403979
0.84725444236214,-0.16475093884004588,2.210909376613329,0.5278301004758332,0.6063113886702538
2.2821464067903983,-0.3373326047841818,0.06576551609170511,0.12639692849913042,1.7320755580893592
2.016841407966349,2.376061011822573,0.11007453007432212,-0.04364250774238765,0.0193783240882075
-0.4983685271227505,-0.6829510073630654,2.449867313750953,0.965655976800344,0.9616366658396528
1.8909214427756695,1.9584069753033644,1.2296358416810296,3.1145319430094887,-0.9835708157020736
1.105509188843856,0.4663126642223687,0.12905463445311238,-0.044901534871828463,0.1107322925148736
0.3864468573307812,0.830188213138477,0.5206011206517012,1.7243637652150114,0.9456799433120604
0.16553226528744924,0.9186749924982716,0.7792701913828721,1.7824097225603173,0.2537154065640864
-1.189300326988092,0.8028582772148363,1.1046145631396238,1.4922400267354563,1.5593270283387937
1.4958334387258447,1.128740472690786,1.0410774122276358,1.2914212253057944,3.0928997412067507
1.1313138685869708,0.9914505127485802,0.30818753625696205,1.0169491739559713,0.5888636380256982
-0.3711569368689329,2.0654402735043083,1.1739353571954514,0.850144838628787,0.3655754435418794
0.7908745369927891,1.7280325076084326,0.4059530107359275,-0.30350930585793057,-0.3557609796639343
0.7260191709810693,0.2339143982887876,1.7956699824322666,0.7159069371731805,1.9870843748732896
1.670967329211275,1.5371805863462833,1.5159086212702642,0.5715076442900071,0.055095540406446375
0.5783747388254088,0.8556549886212574,0.4698929386556164,2.3130539359243882,2.1480599880094786
-0.08601047810758011,-0.5968082251477167,1.4767143751357683,1.2847760581388448,3.804282800513255
0.021740536120110617,1.8433872779161,2.5834938545717607,0.9512433506723348,1.0255331643700825
1.763728336788258,1.4036247648064577,2.015582739124957,0.09535533005259034,1.6147470740038896
0.3632790019990797,-0.2379827285582772,4.260645324872128,2.6712387522542005,0.732409490307794
-0.02444292929752057,-0.7557172870725133,0.0179274213808458,2.49672610088406,0.30012208306638
1.0421046552199458,1.2814442008676905,0.8677772895296896,0.234940129065761,2.1762851157769347
0.5433471448456846,2.6453372019894026,0.026356809389088357,0.06689053632662345,0.9068510102316744
1.5270635223673903,-0.6156871593137428,0.4037141911715406,-1.329944638620714,-0.4761915889768236
1.2491470354679974,2.977100854486409,2.809799260060612,-0.4291677060101236,1.1314413582280844
-0.3532913270903426,1.4003248670176036,2.27244248191752,1.5200711269298337,-0.8136166695816089
2.1730431535169257,0.3003826967085419,0.6948271012621812,0.23107602119021894,0.8453902417854815
-0.6588388655976465,-0.06514876270944359,1.1740136725404304,1.8185356088708668,2.451381785494626
-0.5746454500509475,0.10524812187609787,-0.6815519177172479,0.2704164553401983,2.679479104929869
-0.7123043453524136,2.2316439509385284,1.3831456242735576,-0.15075441686250768,1.413689409562406
0.20866833855139866,2.2559299892096654,1.6361854279857506,1.3312905254891734,1.7975665883577334
0.06317006369513077,0.1747912454396453,1.7407429793892173,0.6294251316758449,1.1476364737224198
-0.4641160303781449,2.0131191236126162,0.05011686810903171,0.5012477038677928,2.5592943798934047
0.5298847384118478,0.4678603121408628,-0.9391899081049729,1.5449447193757688,-0.13668111255174442
0.6036048398195991,0.09206213326915967,1.2463661868162732,-1.7791212366030624,0.35363873240269283
1.922223380556208,1.8807333818520984,2.6623362299796742,1.9738353574183252,2.0991754396482003
1.489821417050523,1.6308468590504093,-0.6432716058576717,1.0270135491359584,0.29565534700479035
1.8239340576232803,2.1161015171825124,3.1379266159125203,-0.1406698277646885,0.8421364324904634
1.3472458284630122,-0.01859973250527092,0.5984686366065963,1.6447698522912404,-0.6927102050870602
0.33783670775587704,1.1954828291439121,1.6873921995769596,1.1594778304697193,0.12346123325136672
0.7334050911613821,0.7724514884096435,0.46824269670873403,2.2540071338300844,1.6579548111480733
2.6838415838320806,1.214463809662172,-0.2937421929662973,0.5821113167391372,0.9861576573667478
0.6122621486757884,-0.7679365126849429,0.5695658668611823,2.3132476719573782,0.5062992649718383
0.3808982598095008,-0.8249199516037276,1.337728627170095,-1.824846207749952,1.2079417043881198
1.1533806902680863,1.832595902791341,0.07069614535886615,1.3629764512948463,0.504070417775954
1.8497673276877005,1.011665594980172,-0.5408702991971128,0.3947778912809535,0.8010611392830068
0.6527004084542114,2.3560422901666405,0.9618593087056004,1.6861942916295192,3.610074528209794
-0.947184714527728,1.3263672671003726,1.1283899840607727,-0.41958344021673,1.3300633370503776
1.0514233362811365,1.958319322915248,0.6190425917950239,3.0186535371386225,2.6771889536233626
0.27533257059380645,2.095482754097264,0.4817926295997205,1.3825843563178817,0.6479115937696344
0.5537362394568313,0.5827187829237908,2.3184746447315554,0.21804952128051547,0.22342348012956448
1.4157358441721772,3.721979055308589,1.5641757569151225,1.263131830232456,1.1162277382930124
2.1430246379394404,1.7623245256278772,0.9039675919807016,2.583126380998527,-0.4735847048893824
2.185411785517424,-0.3695173058538945,0.6359632911669701,0.6106436499521382,-0.4844042565244915
2.0150700176614507,1.273254761485835,0.5826808783214553,0.422060634609306,1.6119554563123493
-1.3482859446441222,1.1751169459084527,1.7447555286264411,-0.005730767195282871,0.9062501647721356
1.1828296422222793,2.3396901539750345,1.1785920305485749,1.4245328841177227,1.1772231843911851
1.89380022704694,0.2027707729837357,-0.22419942787546754,1.2290716370425032,0.8324666230461287
1.8791666498269144,1.310501345993993,2.27866502852069,0.9085437123016642,-0.33287110315361845
0.5928221868984833,1.6981273201909477,-0.7365617784014886,1.5581455654520138,2.1953690017145964
2.287423889512585,2.3458783057478847,0.9382187477349616,3.3198685807067503,2.244450870429884
1.9003021825942763,0.2431894723726916,-1.3153145745630104,1.187521915396799,0.4335643391246313
1.7967884431900032,1.5844085828362702,2.2010115154633327,-0.1254843999637696,0.8685985115881147
0.9704472251519384,-0.2407483674066202,1.788668867583397,1.2242810613306636,0.09473178188364206
0.9070669932593765,-0.022191749667365368,1.3625017104850747,0.14634403870073875,1.0202982002732328
0.4515584889385338,1.2290773020909258,0.7094004403251498,0.5765796473552208,1.4955300337238258
0.9759944312563488,0.2455351416724661,2.1604531906049766,2.4355352609473924,0.92917679690282
2.108639158938341,-0.6133491449594177,1.2559039578603788,0.4595832958235955,1.2111949040076888
2.915112729094732,1.5931302980848971,2.901156218194989,1.006893066027976,-0.44803015705099897
0.2632308265988121,-0.255342272466196,0.978563842360688,1.6605657317273976,2.7239384985937733
3.1108091673517704,1.6077371309306698,1.4826581635038998,1.5696337233593052,0.08948424042856296
0.9627618183323456,1.58022076954977,2.0491014884746384,0.9734203758551666,0.4324648688599785
0.9204485643826436,0.17935381945761808,1.9631335707357973,1.5354190296616808,-2.2621928870821812
0.050838061036272086,1.815237087716584,0.6497380706384708,0.8156749686025551,-0.7910855782113089
0.9458562276203978,0.921076659994667,-0.620665018879913,1.8695278673899136,-0.7098506346160847
0.9371704751064922,0.7927650500636616,1.2331602633267316,1.576961799926384,-0.221999996020982
0.033632509750731954,1.7101504664060438,1.1248224736123509,1.0128835591224263,0.463369615910944
0.42040542788239454,1.6072994737846806,-0.19561314264748053,-0.2406915112996533,0.0997518601860966
2.1194160527606942,0.7042254297497392,1.9653440124352997,0.8822358823919467,0.7567070378767391
1.3476586600601037,1.3860495620377062,-0.14217357851049628,0.4623127446906091,0.6163158909800611
-0.22479982783576347,0.970379292780115,-0.2078123215394192,0.6978372104890801,1.4100859316658352
0.9293355568127176,-1.1779929431253784,-1.3034698155853142,0.8165500755860032,1.9753163860983745
1.858502880274728,-0.2391099639629473,0.8912162794888745,1.7696216160985454,0.264637942337736
0.6374137567250187,1.5495191059129292,2.0294653071787803,0.6020767982778665,1.1847064451981193
0.7166174399390975,1.9275265831915909,0.4920216561763746,-0.011362419147986191,0.4747916822307057
1.123001282702918,0.040785315747208783,-1.173205396655464,1.8968673548040245,3.6240872995102316
-2.069285072742726,2.338920618161459,2.2607277698076667,1.4418773569733123,0.5500888515943442
0.5418908329763175,1.051452648202448,0.993640911760688,1.2743537377467726,1.7520300617093776
1.030592458583751,0.511836995191975,2.219767939251481,1.656266719524157,3.6113208886547965
1.833832184355102,0.802270687631481,0.14122692962630845,0.8716001464012844,1.1291745986584614
0.037527555971102015,0.1633362931182557,1.7716673734039985,-0.0999714053558467,0.8057947003054117
1.3875438176217756,0.8262795974372368,0.6903455551085335,1.1051070194504469,0.9527168136767924
1.7796107124251923,3.5591151985266207,2.4025996466376016,1.0228122792804544,1.6920180409005583
1.0694468316308825,0.17197944410517418,1.0455224793721651,2.251175581076647,3.0100992652525496
2.5485586269912264,0.8553275207236851,2.7471361219246924,2.0332305518544467,1.6786176568533302
0.72156056504785,2.122060371790213,1.8745558812801084,-0.25969249428361363,1.0530471967162232
1.1635022175491998,3.2354278541104367,0.6305199433505152,2.154810583275682,2.152066698473154
1.486555914229804,0.8198730750188101,0.8831617912593199,1.6462107085915634,1.3765059414292065
1.0937898389488916,1.403543062840153,2.900100807235633,1.1262563358172155,-0.17965051783606525
-0.055043208806780715,1.4968214124354364,-0.4807305082869038,0.3417529588913695,-0.9271190678021524
1.586008268017027,0.07066536291778014,1.6687510936269363,-0.4825637269916283,-0.3980966853184464
2.4011169364251828,-0.22029882557941027,2.056129812343213,1.8357952503110488,-0.9966873959248506
0.3482072498800997,2.284568323983579,0.2335840764271724,0.7766898559248135,0.2547889846000384
0.7222132470954461,0.7519120437956324,0.0006073618507262957,-1.3289802272523876,1.3588736270990869
3.1535784889900103,1.7615038063687083,0.5062786768381732,-0.8319948926069003,-0.4184595874975894
1.9384996964272216,-0.4435834397234608,1.7012392148241446,1.9280037736870292,-0.003871613521461592
1.172482923192783,1.6365453047091267,0.7091180786441003,0.7988829596046869,0.9943657845585148
0.4406013763390887,0.467498782154092,-0.17434273405611922,-0.954674891310978,0.5272892553653818
1.556750324246434,1.8097639129389207,3.1811531179155845,1.4646678467589531,1.2564763457700416
0.16075831798141085,0.18041079608570545,1.5488723558422706,1.6609863951482615,0.5706148690769273
1.9376412726712136,1.3719375154999076,0.3416637886930568,0.3923033247751706,1.910960453047461
-0.22938287903322466,2.2634603348681512,-1.252074230472533,2.0224382709964983,2.2256212786621177
1.5202958656175567,1.2072447474507422,1.207545463054701,0.8355316166299974,-0.20281781360024165
-1.1099228136723434,0.802937329464199,1.9731959168086284,2.080859163746532,-0.4351992300567829
1.5070017366336148,0.3933181187674407,1.2515156259882507,0.06046261473173265,0.2873759218039412
-1.433197503391305,0.7065446752427733,0.28019951598726545,0.10133404846645676,0.8774422426844466
1.048983828266489,-0.2821245563653145,-0.4284065707325861,2.558543815524745,-0.05793188356992341
0.3853878719015463,-1.97242721289355,1.4517246089523477,0.9233112897181746,3.5079215445432896
1.4278127511391645,2.3941063260749447,0.6281075620079368,2.5859604457409566,-2.3989757610888005
1.0996801462829078,0.7467873829443976,0.22141264921212112,0.26030305919442176,1.118105260918398
1.1768492172562357,0.8703124061837952,-0.10254408192824373,1.8932768916949323,1.5358946539833342
1.2094895839005306,0.8006283611100812,1.1170755378818653,1.7499686328646904,-1.0872100174146158
-0.12569897535554486,1.0156749637423583,1.0376466340714003,1.0637459565752951,1.1723157450107091
0.624873925510462,2.0627237737550184,1.4374046190414451,0.5650082157318739,1.9574017594023911
1.4694840353870098,1.6470941589918686,-1.6163718885446787,0.20021789654095634,1.0057648049903982
1.5083969615937596,1.0639928488367605,1.373764357403542,1.077409333894369,0.7594871557890692
-0.7085127441449315,-0.6733108610363177,-1.3399285982140985,0.3980510110713785,1.5209981876218843
-0.9249399924184808,0.7659354284230269,0.3710470911262095,0.16990329430338105,1.3233650339318954
0.164015798558644,0.9927475649589184,1.6125191364919749,1.288423438294344,0.936985290599174
0.2827274191944308,0.7975849700391413,-0.2578722396186319,-0.4389671805803799,1.817683487687954
1.7373004842591695,1.8078024811743412,2.6254996760793965,1.0164336465750716,1.4528050816141138
0.04758194652680081,-0.3063062165606161,1.51282167059627,0.4282959264582411,0.4558706107952811
0.5967716003890501,0.3182682301511651,1.4754465525488951,1.240660542180823,1.5572283670636482
-0.4385488367290253,1.7030617590962214,-0.13154966884090258,1.8621966771237823,2.417911273968872
0.19905825100756025,1.829605888119621,1.9904261241871888,0.18662392201403635,0.9154584864967056
0.9257670483981976,-0.6582078045053386,0.6746481198197065,-0.7848443163795968,1.5862180882745474
2.587602234411285,0.752393188556011,1.3593827425929224,0.5676567575400788,-0.8268175548042054
0.1720724767766223,1.1804949764573451,1.7243483561034143,-0.23578263772363586,1.0867072614223607
2.7701066147379825,0.9119246420864576,1.974045371588236,0.8295084833699423,0.9407896520136856
0.19931683427714475,0.8374513042223548,0.4541290188798463,2.2072331431928296,1.962628916040984
0.2598963364773837,1.5042136766956968,-0.4341434702864764,1.7368031927696677,0.6651084817427471
-0.07133899028800507,2.5149558996173287,1.753056481074612,0.3936818826135357,1.692220252797181
2.1119069304971267,1.6276895355698655,2.580648088173344,0.12859226741336793,0.4624763802853864
0.9547061528033616,0.4932267102590148,0.5769486056044664,2.2054221550983257,0.5990364634646692
1.0451026873397955,1.173422941684637,0.7729995951205636,0.016808032485957525,0.8636771490334848
1.2969929983194235,2.12496721520251,3.0685044715601784,1.0795914824232298,-0.10080812967737507
1.7092596510292355,1.1554404519328687,3.0724167819190527,1.2154566115881094,1.0341022471823924
0.5863239199407264,1.3568458073875798,0.10215071214101368,0.33200357148079684,1.1035310188842475
1.9488113010282448,1.4800922853486014,-0.5186894603288084,-0.2351993320674177,0.08212195073113547
2.094278192544317,0.6551581683456105,-1.925989410052865,-0.1539790102958576,1.0374868851473649
-0.1040008642087984,4.3467598290189935,2.0088471476891465,-0.3424948702318333,3.609660550631692
-0.3357673664687859,0.7181388980120753,1.4335055234829457,1.734010077304332,1.146186722981684
1.3074577002081766,-0.6044645563626301,0.18165746501439275,0.024916234598749143,-0.2789571512501636
0.8408402364686861,0.13275869345875124,0.4806871815382439,-0.8401584086572613,1.1944486480701684
0.2482358453172245,-0.8958616669117572,0.6228339915465951,1.574279275323959,-0.1128763100627661
0.2890064819379472,0.7725401231007039,-0.05089488184666146,0.9265590544677276,-0.5029335960754711
1.3020977621611451,0.508728451694634,0.7079592997386798,0.8818903050528645,-0.1990992911673486
2.4866543930776865,0.7702612144655916,0.8174569389605779,0.32943222817161033,0.2478905352053519
0.429936204397794,1.5073818913616384,1.4006357991218985,1.2966467330385127,1.4507066018814276
0.5949900369164599,0.06038935487823605,-0.8256020058161047,2.0242664361538942,0.6068274446221975
0.9088239705053958,0.7372778886001736,1.2354267307517313,-0.2354835772888113,1.3110591899987571
1.0867258674035885,1.0709073402120368,1.8506345585383324,1.503970069905508,1.7347487735833858
1.1621532867383062,1.6588684718231932,0.2507966755970278,0.9144714636859141,0.8509340416251948
2.5705005863595662,1.3061098666838429,0.8975944966742606,-0.3533529550508025,-0.5694335333541356
1.4630408323036364,1.4056697921152117,-0.03438882965303147,0.5337377099400904,1.9855171949877963
0.8236465283448469,3.0736180124309485,-0.15640412266838033,0.7000851649551271,1.0678419813908249
1.0182035411056594,-0.654620196197359,2.390842332783862,0.0013138876555540688,1.1528877317328916
-0.5026366790309389,2.1067906250122297,0.8226280990288592,2.056192754529889,2.189850128794524
1.2074080535510527,1.7363941202699804,0.7491946433114838,0.08848910820253753,0.6446921472878346
1.9429409968930504,1.5137322548945185,0.08561054470680463,2.5190121083214603,-0.05649753394300005
-0.4647124585321032,0.6626033972935251,0.4579636725095175,-0.2171838164316786,-0.3461257519049525
2.2464886106678907,0.9444886495950844,2.5455952873641707,0.5267835372151874,1.4854617702131023
1.84730204726939,0.7994797652868321,1.4605525063333005,1.820296940432934,1.9091315805389248
1.3859344962766131,0.4961828662481406,2.1415343055565206,0.9125459960610608,0.8226764513952263
-0.5910554065954117,1.1357621154647926,0.4363790047459397,0.8878468368160771,1.0314809802844198
0.7673291509018079,0.7616174418119229,1.0763363019220886,0.523074011459107,1.1983667768335813
0.41496142622751175,1.6625444400911475,0.6327127840116595,1.3910372440392655,1.3863432943745428
-0.6005247161727989,0.9188211079178068,0.7611952291137976,0.9304730578662688,0.5603041967566549
-0.948597432102015,-0.2925163047464823,0.6684402239417927,2.1918885590624857,0.1482110420587054
0.3469223417516081,2.3305575150779236,0.7339496260562297,0.5335100246329354,0.5495966262678009
-0.4273335209677931,0.4802913935478193,-0.035543208999514686,1.1338905481528003,1.2404399376127708
1.237419228551651,-0.1723623035826105,-0.2694958334022399,1.876006304561809,0.05947889721679622
0.3572305668615223,2.604001320540081,2.0756566849624347,0.7080738340579743,3.2517709068669767
1.627599814964999,2.80718494808212,2.311291672342644,0.5598218762717417,0.005978328284147239
1.4574861507178851,2.2678185696035507,0.6252199888708908,0.44722398704903465,0.3751158922085751
1.2814182513549024,2.4723418734369877,-0.3771955863246608,1.647843789282676,0.6961152052223818
-1.0990896256716938,1.7463414368004877,0.39203290225779,0.6953306424704022,1.043380740374502
0.2872547071387277,1.1722645250036892,0.5152123841098952,1.0517165057956075,0.1447356063935168
-0.2628494182823369,1.4367761991282868,0.07167712577881469,0.5957639244408722,0.5800530368077668
1.9401648276477896,0.5998436398377933,1.317596062533262,-1.3659622090083143,0.7833669643434678
0.943342054812456,2.02664436795321,0.6794750328725259,0.7040779264611348,1.1503186295530747
0.02402734832331344,1.2045180186631153,0.3525369896166767,2.21834408862293,0.09855859428438353
1.2619411417582445,1.547445668761292,2.737475602710393,-0.16370989404859124,0.8836359193723025
2.640292728586009,1.799511154239009,1.4270085278154878,1.6398957964190872,0.9712547174359109
1.9763482639700536,1.93647719707874,1.807310172225633,1.0281728002648227,0.7708192871036892
0.2790158545804826,0.9230408350759784,0.5795020696232166,1.643650678738127,2.0577606598607283
-0.5297409969535507,-0.018562870003968168,1.685843918589336,2.4060578572382525,0.1279977530321701
-0.7374561074819229,0.7755217213891288,1.8096461401247312,0.7456282027598646,-0.006442728186089264
-0.09700950531951548,1.4150326834861555,0.8972674873145114,1.6210934700340138,0.7612140331152432
1.9276101827343872,1.357518460023153,-0.3487520021173003,0.9128436852493113,1.6764256221464104
1.1004963814573254,0.06525709026524718,0.23488587304145805,1.03033535519665,1.1194203458090977
0.3366663893638168,3.1104947799387004,-0.36431503276485744,2.343531953634723,1.6698854474849625
2.2064355480418905,2.5865378164349258,1.8862232718870804,1.6770698295572517,3.456385961423083
0.260290169339639,1.4273129263772084,0.012590913247468971,1.8642031538450292,1.3879975110533556
0.8898436849028186,0.3048483339412017,0.5176319926262467,-0.18493001621059268,0.8275793524954791
0.9090037204281796,-0.04437078364150282,1.6387142932841354,1.5617599438619283,-0.4768321167094816
-0.05767338321020188,0.5581550165366655,1.7381451812294595,-0.9954938136808628,2.8550853432815275
1.4034724612532434,0.857279599770705,2.5648304073029515,-0.22271800773623984,-0.17213084044971685
1.3748188501910732,0.12218782387388892,0.4108262180813344,0.13950163658069126,-0.649658062408542
1.7853236478075782,0.927280719731167,0.11591089452010815,0.6445130345383532,1.9884543112588675
2.934041548569762,0.8531434631559391,1.5545282445308155,1.692383003784793,0.923193906376786
0.5125604903949799,-0.9639625783592918,1.0233927226876924,1.577537209322968,0.7638461828424291
1.5601263221744297,1.0411586230713377,0.9624778655258605,0.6852414805316145,1.669785327143162
-0.03048542645513108,2.02381248949494,-0.4800063978745168,1.3567764716247186,2.281680949498745
2.535980016944371,0.7693720105680806,0.3737682982077781,0.43261646173715984,-0.17533355950898688
1.9465899543094145,0.7579201098463548,0.4676177960961565,0.6599172101405537,-0.10698382717439214
2.4754179569260613,0.614712816544362,0.7137892509393294,0.5186465372179636,2.953105426591691
0.15248347401159346,0.8089188421791538,-0.07862714489241672,1.7434047362028482,1.4088056665567958
1.0644537087164945,0.0023893752150543346,-1.997484752345464,2.041359052212242,3.977962842569899
-0.4287072476491234,0.7738445654909604,0.98092084836828,1.5948546946036042,1.31528806118448
3.3350851404540727,-0.1768071801972244,2.3396403057305126,1.510306816752689,0.7913605108403606
1.0871540063034564,0.9371314142180712,1.1450924686669035,1.475674694290383,0.9062697216495068
1.2788517526833831,1.1649139994279172,1.834496506481452,2.5699161891920634,0.03811919397204844
1.829879129832094,2.4108334216596186,1.9511705441403249,1.2379843501618426,2.1309955802562115
-0.24285260511721266,2.552544050174719,0.99626914073646,0.6729155683643822,0.8026821552095491
0.5702474168788069,-1.2622417878491334,0.2837328824744706,1.2662278865044447,2.2093772585904716
1.521798646171746,0.3682373833640229,1.6420588078202885,-0.4175603740169769,-0.5906730992230562
1.6830258101066649,1.492586559217729,1.990297720605188,2.3142752404326163,2.0058645767985315
1.4152905291675753,1.4929625979518455,3.2293974167946957,0.6306759074603634,1.531482666346673
4.205563902401604,0.7988988753030113,1.2051021549109493,1.8372472218791676,0.552611089855348
1.5819857832602042,1.903662569952405,1.7277484275050763,0.5383088000256449,0.09446399220370437
1.6831944117087927,0.3054802011006773,-1.3785119121695697,0.9042725690355828,1.6220814868918183
0.7422082112645882,-0.04872576714126087,1.745378858787464,1.7317206384044388,-1.0883556577306726
3.223214508624236,0.19796843102065687,2.153781650736571,0.40151134373510144,-0.41769619755841947
